,kospi200,call,put,aggregate,real_vkospi,put_call_ratio,call_put_average_real
2024-07-30,374.87,12.81,15.91,20.44,17.78,1.184,1.0227272727272727
2024-07-29,378.73,12.96,15.44,20.16,17.51,0.605,0.9213483146067415
2024-07-26,374.2,13.54,15.76,20.79,17.98,0.856,0.9277777777777777
2024-07-25,371.26,13.38,17.12,21.74,18.77,1.576,1.1162790697674418
2024-07-24,378.66,13.15,15.21,20.12,17.42,0.967,0.9940119760479044
2024-07-23,381.65,12.22,16.06,20.2,17.47,0.836,0.9028571428571429
2024-07-22,379.84,13.91,16.0,21.22,18.39,1.054,1.0342857142857145
2024-07-19,383.89,12.91,15.07,19.85,17.27,1.247,0.9817073170731709
2024-07-18,389.0,12.34,14.74,19.23,16.79,1.273,0.8816568047337279
2024-07-17,391.55,12.18,14.46,18.91,16.53,1.121,1.0064516129032257
2024-07-16,395.31,12.46,13.83,18.62,16.34,0.775,0.91875
2024-07-15,393.84,12.94,13.48,18.71,16.47,0.991,1.0933333333333333
2024-07-12,392.29,11.56,14.27,18.39,16.44,1.154,1.0394736842105263
2024-07-11,398.52,11.27,13.87,17.9,16.12,0.723,0.9056603773584906
2024-07-10,395.6,11.25,13.32,17.45,16.08,0.697,1.060344827586207
2024-07-09,395.79,11.44,13.65,17.82,16.28,0.803,0.8951048951048951
2024-07-08,394.47,12.62,13.56,18.53,16.81,0.582,0.9197530864197532
2024-07-05,395.47,12.12,14.15,18.64,16.72,0.474,0.9874213836477986
2024-07-04,388.53,12.12,13.64,18.25,16.36,0.455,1.101910828025478
2024-07-03,383.23,10.99,13.32,17.32,15.55,0.818,0.8979591836734694
2024-07-02,381.2,11.71,13.4,17.8,15.88,0.963,0.9403973509933775
2024-07-01,384.34,12.04,13.47,18.07,16.05,0.805,0.9038461538461539
2024-06-28,384.02,11.83,13.9,18.26,16.1,0.797,0.8838709677419354
2024-06-27,382.27,12.3,14.21,18.8,16.57,0.916,0.7976878612716763
2024-06-26,383.01,12.88,14.04,19.06,16.74,0.786,0.9559748427672955
2024-06-25,379.85,12.73,14.55,19.33,16.98,0.833,0.9811320754716981
2024-06-24,378.39,13.57,13.82,19.39,17.02,1.033,1.0318471337579618
2024-06-21,380.88,12.45,13.96,18.74,16.52,1.113,1.0604026845637584
2024-06-20,384.78,12.51,14.0,18.78,16.56,0.72,0.9746835443037974
2024-06-19,383.01,12.84,13.23,18.46,16.33,0.661,1.033112582781457
2024-06-18,377.73,12.11,13.87,18.41,16.34,0.786,0.9371069182389937
2024-06-17,373.86,11.56,14.82,18.83,16.71,1.183,0.9625
2024-06-14,376.0,11.6,13.5,17.8,16.03,0.818,0.875
2024-06-13,374.75,12.06,13.77,18.31,16.52,0.644,0.9430379746835443
2024-06-12,371.12,11.95,14.73,18.99,17.4,0.591,1.150943396226415
2024-06-11,367.71,13.01,13.51,18.77,17.16,0.819,1.2542372881355932
2024-06-10,367.46,12.85,13.84,18.9,17.17,0.862,1.0785340314136125
2024-06-07,371.39,11.8,14.19,18.48,16.64,0.63,1.0481927710843373
2024-06-05,366.44,11.6,14.36,18.48,16.56,0.594,0.937142857142857
2024-06-04,362.52,12.52,13.76,18.61,16.64,1.111,1.0372670807453415
2024-06-03,365.48,12.78,13.67,18.74,16.69,0.667,1.0
2024-05-31,358.21,12.18,14.68,19.07,16.9,1.047,1.1946308724832215
2024-05-30,358.7,12.19,14.54,18.98,16.82,1.387,1.0886075949367087
2024-05-29,364.96,11.74,13.11,17.63,15.66,1.141,1.089655172413793
2024-05-28,371.33,10.94,12.94,16.95,15.07,0.9,1.0138888888888888
2024-05-27,371.16,10.72,13.35,17.13,15.21,0.719,0.9527027027027026
2024-05-24,366.08,10.65,13.7,17.38,15.43,1.084,0.9133333333333333
2024-05-23,371.62,11.39,12.72,17.08,15.22,0.677,1.0
2024-05-22,371.41,11.73,13.21,17.67,15.71,0.783,1.0486111111111112
2024-05-21,371.55,11.93,13.18,17.79,15.85,0.974,1.0704225352112675
2024-05-20,373.68,11.38,13.78,17.88,15.95,0.68,0.9602649006622517
2024-05-17,370.58,10.84,13.98,17.71,15.98,0.89,0.9473684210526316
2024-05-16,374.6,11.81,13.08,17.64,15.98,0.71,1.0
2024-05-14,371.04,11.37,14.26,18.26,16.73,0.873,0.9259259259259259
2024-05-13,370.99,11.229106821986734,14.305943902128043,18.205194561439846,16.6,0.887,0.9018404907975459
2024-05-10,371.08,11.686758938358901,13.871402939759703,18.13832842042453,16.29,0.726,0.967948717948718
2024-05-09,368.83,12.389701981720766,13.724025468997686,18.498591912011136,16.49,1.159,1.0394736842105263
2024-05-08,374.09,12.15,14.04,18.57,16.46,0.662,0.8985507246376812
2024-05-07,372.8,13.28,14.32,19.55,17.21,0.59,0.7714285714285715
2024-05-03,363.58,12.99,15.28,20.07,17.51,0.847,0.9294871794871795
2024-05-02,364.31,13.51,15.53,20.59,17.88,0.878,0.9451219512195123
2024-04-30,365.13,13.37,16.14,20.98,18.14,0.768,1.0496894409937887
2024-04-29,364.48,13.66,15.92,20.99,18.13,0.662,0.8659217877094972
2024-04-26,361.02,13.56,16.42,21.3,18.32,0.632,0.8563535911602209
2024-04-25,356.51,14.34,16.53,21.89,18.82,0.992,1.0416666666666665
2024-04-24,363.6,13.38,16.11,20.95,18.02,0.578,0.848314606741573
2024-04-23,355.98,14.05,16.93,22.0,18.93,0.857,1.0406976744186045
2024-04-22,356.89,14.64,17.73,23.0,19.8,1.018,0.9531250000000001
2024-04-19,352.58,15.59,18.95,24.55,21.22,1.918,0.9095238095238096
2024-04-18,359.06,14.13,17.28,22.33,19.42,0.724,0.8917525773195877
2024-04-17,352.79,14.93,17.44,22.98,20.02,1.089,0.9585492227979274
2024-04-16,356.67,14.52,17.54,22.78,19.95,1.467,0.9141414141414141
2024-04-15,365.31,13.94,15.65,20.99,18.45,1.003,0.9497206703910616
2024-04-12,367.25,13.12,14.67,19.69,17.59,1.023,0.9529411764705882
2024-04-11,370.72,12.39,15.79,20.11,18.03,0.681,0.9257142857142857
2024-04-09,370.27,12.4,15.51,19.87,18.09,1.07,1.005780346820809
2024-04-08,372.51,12.48,15.7,20.08,18.16,0.868,0.9772727272727272
2024-04-05,371.57,13.45,15.18,20.28,18.12,1.115,0.9132947976878613
2024-04-04,375.61,12.75,14.46,19.3,17.2,0.617,0.9753086419753088
2024-04-03,369.72,12.83,15.11,19.85,17.63,1.237,1.08641975308642
2024-04-02,376.34,13.04,14.19,19.28,17.1,0.717,0.877906976744186
2024-04-01,374.28,13.63,13.69,19.34,17.13,0.703,0.9756097560975611
2024-03-29,374.63,13.4,13.66,19.15,16.84,0.639,0.925
2024-03-28,373.22,12.96,14.2,19.23,16.88,0.686,0.9254658385093167
2024-03-27,374.08,13.19,14.42,19.55,17.14,0.816,1.019108280254777
2024-03-26,374.6,13.67,14.32,19.81,17.34,0.602,0.8941176470588235
2024-03-25,370.73,13.06,14.9,19.82,17.35,0.827,0.940828402366864
2024-03-22,372.65,13.56,14.02,19.52,17.13,0.577,0.8135593220338984
2024-03-21,373.66,14.08,14.11,19.95,17.53,0.423,0.9011627906976745
2024-03-20,363.32,13.28,13.81,19.17,16.92,0.519,0.9096385542168673
2024-03-19,357.33,13.06,13.74,18.96,16.78,0.85,0.9197530864197532
2024-03-18,361.31,13.07,14.16,19.28,17.12,0.788,0.9107142857142857
2024-03-15,359.39,11.69,14.64,18.76,16.83,1.125,0.9090909090909091
2024-03-14,366.68,12.68,13.17,18.29,16.51,0.51,0.8333333333333333
2024-03-13,363.04,12.44,13.57,18.41,16.93,0.74,1.015267175572519
2024-03-12,361.11,13.73,13.91,19.56,17.8,0.693,1.111111111111111
2024-03-11,358.34,13.74,14.49,19.98,18.05,0.983,1.0685714285714285
2024-03-08,361.71,13.78,13.43,19.26,17.25,0.573,1.0389610389610389
2024-03-07,356.82,13.44,13.83,19.31,17.25,0.773,0.9695121951219513
2024-03-06,356.25,13.41,13.99,19.38,17.25,0.793,0.9939393939393939
2024-03-05,357.59,12.84,14.36,19.26,17.13,0.885,0.9289940828402368
2024-03-04,361.1,13.59,14.09,19.59,17.33,0.564,0.9534883720930232
2024-02-29,355.57,12.96,13.99,19.08,16.77,1.049,0.9316770186335402
2024-02-28,356.79,12.41,14.62,19.19,16.83,0.757,0.9559748427672955
2024-02-27,352.76,14.54,13.36,19.81,17.16,0.939,0.891566265060241
2024-02-26,355.48,13.21,15.65,20.5,17.94,0.848,0.8882681564245811
2024-02-23,358.57,14.29,15.27,20.94,18.31,0.595,0.9709302325581395
2024-02-22,357.67,14.71,14.7,20.8,18.22,0.834,0.9265536723163842
2024-02-21,356.04,14.54,15.19,21.05,18.5,0.886,0.8864864864864864
2024-02-20,356.92,13.69,15.28,20.53,18.09,0.973,0.8579234972677595
2024-02-19,360.88,14.01,14.84,20.43,18.02,0.555,0.9034090909090908
2024-02-16,355.52,13.55,13.95,19.46,17.41,0.693,0.8947368421052632
2024-02-15,351.21,12.9,15.02,19.8,17.79,0.925,0.9644970414201185
2024-02-14,352.69,13.25,14.83,19.89,17.98,0.811,0.8415300546448087
2024-02-13,357.38,,,,18.02,0.666,0.8618784530386739
2024-02-08,353.29,13.265816944960507,14.195621102845909,19.442188178985475,17.24,0.755,0.7840909090909091
2024-02-07,352.25,13.62,14.72,20.05,17.62,0.527,0.9367816091954024
2024-02-06,347.8,13.81,14.62,20.11,17.59,0.861,0.9569892473118279
2024-02-05,349.15,13.59,15.78,20.84,18.06,0.889,0.9134615384615384
2024-02-02,353.43,13.47,15.41,20.49,17.79,0.351,0.9175824175824175
2024-02-01,342.41,12.37,14.78,19.29,16.79,0.665,0.7391304347826088
2024-01-31,336.24,12.35,15.16,19.57,17.02,0.982,0.9529411764705882
2024-01-30,337.48,13.57,14.26,19.71,17.11,0.789,1.005988023952096
2024-01-29,337.84,12.84,15.21,19.93,17.27,0.602,1.0357142857142856
2024-01-26,334.21,12.73,14.96,19.65,16.96,0.835,0.9337349397590361
2024-01-25,333.8,12.63,14.97,19.6,16.92,0.886,0.9814814814814815
2024-01-24,333.27,12.5,15.32,19.79,17.07,1.044,1.0
2024-01-23,334.97,13.72,14.72,20.13,17.39,0.904,0.9644970414201185
2024-01-22,332.63,13.7,15.64,20.82,18.01,0.751,1.0414201183431955
2024-01-19,332.99,12.79,15.8,20.33,17.64,0.694,0.8539325842696629
2024-01-18,327.13,14.07,15.69,21.1,18.32,1.09,1.0235294117647058
2024-01-17,326.11,13.6,17.52,22.2,19.31,1.293,0.9408602150537634
2024-01-16,334.73,12.42,15.25,19.68,17.18,1.018,0.9329268292682928
2024-01-15,339.24,12.99,14.18,19.24,16.84,0.6,1.0064102564102564
2024-01-12,338.22,11.75,14.73,18.87,16.77,0.889,0.9433962264150944
2024-01-11,340.28,12.8,14.29,19.19,17.14,0.742,1.1543624161073824
2024-01-10,340.66,11.48,14.27,18.33,16.79,1.424,1.0579710144927534
2024-01-09,343.81,12.86,14.24,19.19,17.42,1.103,1.0945945945945945
2024-01-08,345.58,12.53,15.25,19.76,17.77,0.957,0.9481865284974094
2024-01-05,347.22,13.37,14.89,20.02,17.8,0.877,0.8432432432432432
2024-01-04,348.07,13.34,15.66,20.58,18.2,0.942,0.9836956521739132
2024-01-03,351.2,13.82,15.46,20.74,18.28,1.262,1.0054644808743167
2024-01-02,360.55,14.41,15.58,21.22,18.61,0.678,1.0994475138121544
2023-12-28,357.99,14.27,14.45,20.34,17.78,0.533,1.3221476510067114
2023-12-27,352.46,12.64,14.13,18.97,16.55,0.734,1.1678321678321677
2023-12-26,350.43,12.91,13.38,18.6,16.25,0.621,1.8285714285714285
2023-12-22,349.15,11.43,12.67,17.09,14.97,0.587,1.7553191489361701
2023-12-21,348.78,11.25,12.74,17.0,14.93,0.795,1.3693693693693694
2023-12-20,350.11,11.27,12.42,16.78,14.78,0.533,1.5922330097087376
2023-12-19,343.95,10.03,11.98,15.64,13.85,0.767,1.4747474747474747
2023-12-18,343.5,10.85,11.83,16.05,14.27,0.845,1.5555555555555556
2023-12-15,343.99,9.75,12.05,15.53,13.98,0.678,1.153846153846154
2023-12-14,341.33,9.72,12.19,15.59,14.11,0.659,1.2522522522522523
2023-12-13,336.68,9.76,11.9,15.39,14.3,1.047,1.1014492753623186
2023-12-12,339.77,10.62,11.56,15.71,14.45,0.654,1.16
2023-12-11,337.93,10.88,11.72,16.01,14.59,0.875,0.9875
2023-12-08,336.6,10.63,12.44,16.37,14.76,0.737,1.0555555555555556
2023-12-07,332.67,11.05,12.31,16.55,16.85,0.948,0.9150326797385621
2023-12-06,333.45,10.14,12.64,16.22,14.56,0.707,0.9391891891891891
2023-12-05,332.85,11.11,12.29,16.58,14.84,0.984,0.8385093167701863
2023-12-04,336.14,10.29,12.63,16.3,14.61,0.736,0.979591836734694
2023-12-01,334.8,11.03,12.04,16.34,14.5,0.945,0.9710144927536232
2023-11-30,338.43,10.33,12.56,16.28,14.46,0.621,1.0
2023-11-29,336.62,10.92,12.33,16.48,14.6,0.612,1.0218978102189782
2023-11-28,337.52,11.68,12.3,16.98,15.35,0.767,0.986111111111111
2023-11-27,333.67,10.65,13.49,17.2,15.2,0.864,0.9256756756756755
2023-11-24,334.0,10.87,13.07,17.0,15.04,0.836,0.9507042253521127
2023-11-23,336.91,11.3,12.81,17.08,15.13,0.685,0.9788732394366197
2023-11-22,336.81,11.9,13.4,17.93,15.88,0.665,1.0
2023-11-21,336.57,11.86,13.84,18.23,16.18,0.71,0.9612903225806452
2023-11-20,334.23,12.49,13.96,18.74,16.68,0.786,1.0127388535031847
2023-11-17,332.06,12.25,13.69,18.38,16.55,0.863,0.9556962025316456
2023-11-16,334.31,12.08,14.46,18.85,16.98,0.711,0.8698224852071006
2023-11-15,333.96,12.46,14.36,19.02,17.24,0.566,0.9756097560975611
2023-11-14,326.57,12.28,14.5,19.0,17.35,0.755,0.9634146341463415
2023-11-13,323.31,12.43605695301838,15.017134682614685,19.498085659279116,17.68,1.087,1.0370370370370372
2023-11-10,323.75,12.003623742039114,14.995093315228065,19.2112589346853,17.13,0.999,0.9161676646706588
2023-11-09,325.29,11.63181872437944,15.014395688038334,19.013340705556775,16.84,0.71,0.9873417721518987
2023-11-08,324.0,12.97,15.19,19.98,17.56,1.172,1.01875
2023-11-07,327.29,14.19,15.42,20.97,18.23,1.241,1.032710280373832
2023-11-06,334.16,14.03,16.54,21.7,18.65,0.395,0.8648648648648649
2023-11-03,318.24,11.85,15.09,19.21,16.7,0.895,0.9731543624161073
2023-11-02,315.16,13.24,15.25,20.21,17.49,0.832,0.8571428571428571
2023-11-01,309.71,14.13,16.57,21.79,18.79,0.838,0.9405405405405405
2023-10-31,305.56,14.06,18.44,23.22,19.89,1.374,0.9947089947089949
2023-10-30,308.95,14.29,18.52,23.4,20.03,1.017,0.9158415841584159
2023-10-27,308.53,14.08,18.75,23.46,20.02,1.222,0.8382352941176472
2023-10-26,307.75,14.76,19.93,24.81,21.14,1.985,0.9278846153846154
2023-10-25,316.49,13.25,17.22,21.73,18.56,1.126,0.9055555555555556
2023-10-24,318.43,12.81,17.92,22.06,18.82,1.188,0.8882978723404255
2023-10-23,315.5,13.99,18.21,22.99,19.65,1.291,0.921875
2023-10-20,317.96,13.49,18.29,22.75,19.53,1.75,0.8564102564102564
2023-10-19,322.76,12.48,17.03,21.12,18.23,1.712,0.8315217391304349
2023-10-18,328.82,11.02,14.76,18.43,16.0,0.991,0.8544303797468354
2023-10-17,327.35,11.88,14.26,18.57,16.18,0.823,0.8742138364779874
2023-10-16,323.29,11.54,15.78,19.57,17.07,1.229,0.9151515151515152
2023-10-13,325.77,10.8,14.25,17.89,15.95,1.117,0.9605263157894737
2023-10-12,328.85,10.86,13.68,17.47,15.7,0.744,0.9090909090909091
2023-10-11,324.74,11.94,13.69,18.19,16.74,0.724,1.0866141732283465
2023-10-10,319.11,12.23,14.87,19.26,17.56,1.027,1.2158273381294962
2023-10-06,318.94,11.8,15.47,19.46,17.39,1.121,0.9090909090909091
2023-10-05,318.58,11.38,15.82,19.5,17.34,1.102,0.8662420382165605
2023-10-04,319.45,11.89,16.61,20.43,18.09,2.03,0.7608695652173914
2023-09-27,326.71,10.84,13.31,17.17,15.08,1.138,0.9411764705882354
2023-09-26,326.9,10.47,13.1,16.77,14.74,1.272,0.8345323741007193
2023-09-25,331.58,9.67,12.77,16.04,14.1,0.873,0.9444444444444445
2023-09-22,332.02,9.52,12.95,16.11,14.18,1.282,0.832116788321168
2023-09-21,333.04,10.23,12.01,15.78,13.96,1.238,0.8914728682170543
2023-09-20,338.75,9.53,11.09,14.66,13.03,1.068,0.9411764705882352
2023-09-19,338.82,8.67,11.65,14.56,12.95,1.158,0.9487179487179488
2023-09-18,340.67,9.37,10.85,14.37,12.85,1.393,0.9912280701754387
2023-09-15,344.98,8.31,9.79,12.84,11.73,0.751,0.8928571428571429
2023-09-14,341.19,8.7,9.76,13.08,12.02,0.567,0.8016528925619835
2023-09-13,335.99,9.02,9.8,13.34,12.64,1.021,0.9032258064516128
2023-09-12,335.54,8.83,9.86,13.25,12.4,1.011,1.0
2023-09-11,337.58,8.59,10.28,13.4,12.42,0.966,0.9375
2023-09-08,336.4,7.89,10.92,13.51,12.4,1.101,0.9391304347826087
2023-09-07,336.74,9.42,10.12,13.89,12.69,0.979,0.7388059701492538
2023-09-06,337.85,8.97,10.25,13.63,12.46,0.953,0.8780487804878049
2023-09-05,340.29,8.96,10.26,13.63,12.42,0.788,0.88
2023-09-04,341.02,9.2,10.19,13.74,12.49,0.77,0.7709923664122137
2023-09-01,338.28,9.14,10.39,13.85,12.53,0.737,0.7709923664122137
2023-08-31,334.75,8.9,11.04,14.18,12.78,0.949,0.88
2023-08-30,334.94,8.92,11.43,14.5,13.05,0.893,0.8
2023-08-29,333.76,10.11,11.07,15.03,13.49,0.922,0.7999999999999999
2023-08-28,332.53,9.87,12.42,15.86,14.18,0.912,0.8287671232876712
2023-08-25,330.25,10.4,12.96,16.62,14.86,1.159,0.8116883116883117
2023-08-24,333.82,9.68,12.12,15.56,13.94,0.915,0.8098591549295775
2023-08-23,329.15,10.01,13.39,16.73,14.97,1.067,0.8666666666666667
2023-08-22,329.7,10.5,13.49,17.1,15.33,1.11,0.8516129032258064
2023-08-21,328.84,10.11,14.72,17.89,16.03,1.009,0.8282208588957055
2023-08-18,328.42,11.42,13.43,17.67,16.03,1.095,0.8159509202453988
2023-08-17,330.23,11.1,12.89,17.04,15.57,1.203,0.9078947368421053
2023-08-16,331.28,10.09,13.01,16.47,15.15,1.315,0.9310344827586207
2023-08-14,336.33,9.604872826604712,11.91271252874088,15.303720203532093,14.14,1.068,0.927007299270073
2023-08-11,338.98,9.499329623836848,11.27400807804678,14.74592649171492,13.44,0.899,0.9531249999999999
2023-08-10,340.46,9.957714355429138,11.94310231208868,15.557923371507085,14.0,1.24,0.7847222222222222
2023-08-09,341.61,9.64,12.58,15.85,14.15,0.698,0.7794117647058824
2023-08-08,337.95,10.26,14.11,17.47,15.4,1.326,0.9605263157894737
2023-08-07,339.68,11.7,13.57,17.94,15.71,1.12,0.99375
2023-08-04,341.25,10.82,14.09,17.78,15.55,1.209,0.8888888888888888
2023-08-03,341.54,11.26,14.34,18.24,15.88,1.212,0.8987341772151898
2023-08-02,343.8,10.94,13.81,17.63,15.36,1.624,0.9019607843137255
2023-08-01,351.0,10.18,12.46,16.11,14.06,0.578,0.9197080291970803
2023-07-31,345.62,10.35,12.55,16.29,14.21,0.812,0.9632352941176471
2023-07-28,344.03,10.23,12.63,16.27,14.15,1.271,0.8581560283687943
2023-07-27,344.76,9.76,12.67,16.01,13.9,0.76,0.9318181818181819
2023-07-26,340.56,10.33,13.19,16.77,14.53,1.159,1.0
2023-07-25,344.92,9.99,12.78,16.24,14.08,1.007,0.9111111111111112
2023-07-24,344.32,10.73,12.19,16.26,14.12,0.82,0.9477611940298507
2023-07-21,342.39,9.54,11.88,15.26,13.35,1.047,0.9285714285714285
2023-07-20,341.67,9.87,11.37,15.07,13.22,0.926,0.9274193548387096
2023-07-19,343.11,9.74,10.88,14.63,12.91,1.145,0.9105691056910568
2023-07-18,343.38,9.43,11.35,14.76,13.07,1.11,1.0084033613445378
2023-07-17,345.75,9.35,11.52,14.85,13.21,0.993,0.9837398373983739
2023-07-14,346.93,9.5,11.03,14.56,13.19,0.818,0.8712121212121212
2023-07-13,341.13,9.23,11.23,14.54,13.25,0.723,1.0330578512396695
2023-07-12,339.46,9.32,11.44,14.76,13.76,0.78,0.6956521739130435
2023-07-11,337.02,9.64,11.39,14.92,13.82,0.687,0.9154929577464789
2023-07-10,330.84,9.45,12.87,15.99,14.63,1.292,0.9387755102040817
2023-07-07,331.57,9.66,12.85,16.1,14.58,1.603,0.7905405405405405
2023-07-06,336.2,8.87,11.15,14.26,12.98,1.296,0.9344262295081968
2023-07-05,339.04,8.57,10.54,13.6,12.37,1.242,0.875
2023-07-04,341.59,8.95,10.13,13.53,12.27,0.978,1.018348623853211
2023-07-03,343.08,8.92,10.92,14.12,12.73,0.586,1.0512820512820513
2023-06-30,337.95,8.94,10.78,14.04,12.59,0.991,1.009009009009009
2023-06-29,336.39,9.68,10.73,14.47,12.93,1.006,1.1018518518518519
2023-06-28,338.41,10.0,10.74,14.7,13.1,1.088,0.9416666666666668
2023-06-27,340.32,9.77,11.16,14.84,13.18,1.025,0.957983193277311
2023-06-26,340.38,9.89,11.51,15.18,13.46,0.909,0.8968253968253969
2023-06-23,338.45,9.42,11.23,14.69,13.04,1.112,1.0357142857142858
2023-06-22,341.12,10.11,10.93,14.91,13.24,0.933,0.8951612903225806
2023-06-21,339.44,9.58,11.56,15.02,13.36,1.054,1.0169491525423728
2023-06-20,342.58,9.62,10.98,14.6,13.02,1.047,0.9576271186440678
2023-06-19,343.13,9.74,11.3,14.95,13.35,0.968,1.0084033613445378
2023-06-16,345.17,9.92,10.53,14.48,13.13,0.858,1.042372881355932
2023-06-15,343.19,9.85,10.63,14.51,13.25,0.739,1.0
2023-06-14,344.65,9.38,11.39,14.76,13.55,0.754,0.9609375
2023-06-13,346.39,9.3,11.6,14.89,13.76,0.776,1.015625
2023-06-12,344.57,9.521209480183655,11.081220183234931,14.61105094658482,13.45,1.107,1.008
2023-06-09,346.79,9.729239105479085,10.808552163195941,14.542894652074366,13.16,0.792,1.0578512396694215
2023-06-08,342.75,9.64796145717016,11.458714808087622,14.979603761309068,13.44,1.044,0.9083969465648856
2023-06-07,343.22,10.43,11.32,15.41,13.71,0.806,0.9906542056074766
2023-06-05,343.91,9.76,12.62,16.0,14.08,0.724,0.9322033898305084
2023-06-02,342.67,10.6,11.9,15.93,13.96,0.552,0.9818181818181819
2023-06-01,338.08,10.9,12.32,16.46,14.35,0.892,0.8907563025210083
2023-05-31,339.12,10.1,13.73,17.07,14.8,0.889,0.8515625
2023-05-30,341.5,10.54,13.42,17.08,14.79,0.601,0.9919354838709677
2023-05-26,337.11,10.95,13.48,17.37,14.96,0.752,0.9453124999999999
2023-05-25,335.35,11.58,13.05,17.49,15.07,0.99,0.9615384615384616
2023-05-24,336.49,10.4,13.7,17.22,14.87,0.71,0.8888888888888888
2023-05-23,337.09,11.08,12.63,16.8,14.56,0.726,1.0080645161290323
2023-05-22,336.27,10.67,13.17,16.96,14.74,0.54,0.984732824427481
2023-05-19,334.23,10.18,12.51,16.14,14.13,0.571,0.9083969465648856
2023-05-18,329.84,9.53,12.07,15.38,13.54,0.76,0.7862595419847329
2023-05-17,326.61,8.8,12.47,15.29,13.52,0.826,0.7938931297709925
2023-05-16,325.31,9.79,11.72,15.28,13.59,1.043,0.8294573643410852
2023-05-15,324.46,9.6,12.1,15.45,13.81,1.096,0.8923076923076922
2023-05-12,323.61,8.86,12.45,15.3,13.93,1.062,0.8805970149253731
2023-05-11,325.28,9.6,12.24,15.56,14.31,1.009,0.8041958041958042
2023-05-10,326.04,8.86,12.84,15.64,14.77,1.185,0.832116788321168
2023-05-09,328.22,10.23,11.39,15.35,14.39,1.022,0.8014705882352942
2023-05-08,328.9,9.77,12.8,16.1,14.87,0.642,1.0075187969924813
2023-05-04,326.17,10.83,12.72,16.73,15.27,0.992,0.6794871794871795
2023-05-03,326.52,9.83,13.33,16.58,15.09,1.107,0.8108108108108107
2023-05-02,329.09,9.79,12.12,15.58,14.21,0.864,0.9083969465648856
2023-04-28,326.46,9.53,12.94,16.11,14.51,0.939,0.7310344827586207
2023-04-27,325.09,10.76,12.49,16.5,14.86,0.925,0.8652482269503545
2023-04-26,323.97,10.44,13.15,16.79,15.09,0.889,0.9357142857142857
2023-04-25,324.48,10.84,12.7,16.71,15.02,1.211,0.9708029197080293
2023-04-24,328.7,10.11,13.11,16.57,14.86,1.285,0.9197080291970803
2023-04-21,330.94,9.72,13.01,16.28,14.62,1.098,0.8978102189781023
2023-04-20,332.66,11.07,11.85,16.24,14.63,0.933,0.9343065693430658
2023-04-19,333.77,10.32,12.77,16.44,14.86,0.902,0.9225352112676056
2023-04-18,333.5,10.59,12.99,16.77,15.17,0.975,0.972027972027972
2023-04-17,333.92,10.93,13.12,17.08,15.49,0.827,0.9395973154362416
2023-04-14,333.68,10.5,13.11,16.81,15.42,0.926,0.9328859060402684
2023-04-13,333.09,11.39,12.39,16.86,15.52,0.683,0.8758169934640523
2023-04-12,332.09,11.07,12.75,16.89,15.82,0.735,0.8741721854304636
2023-04-11,330.87,10.18,13.36,16.84,15.62,0.563,0.8930817610062892
2023-04-10,326.38,10.88,13.09,17.03,15.72,0.639,0.950920245398773
2023-04-07,323.36,10.26,13.3,16.82,15.35,0.613,0.881118881118881
2023-04-06,317.82,10.44,14.01,17.51,15.87,1.201,1.0514705882352942
2023-04-05,323.56,10.75,13.07,16.93,15.36,0.831,1.021276595744681
2023-04-04,321.75,11.06,12.66,16.81,15.22,0.929,0.9580419580419579
2023-04-03,320.38,10.7,14.01,17.66,15.88,1.146,0.9473684210526316
2023-03-31,322.03,11.3,13.25,17.41,15.57,0.738,0.8657718120805369
2023-03-30,318.05,10.83,13.83,17.59,15.7,0.759,0.9379310344827586
2023-03-29,317.01,11.0,14.39,18.12,16.15,1.0,0.934640522875817
2023-03-28,316.36,11.38,15.09,18.93,16.81,0.933,0.925
2023-03-27,312.85,12.8,15.77,20.32,17.97,1.202,0.9636363636363636
2023-03-24,314.3,11.38,16.3,19.91,17.59,0.976,0.8809523809523809
2023-03-23,315.75,12.29,16.14,20.29,17.97,1.084,0.8066298342541436
2023-03-22,314.11,11.83,16.9,20.65,18.29,0.893,0.92
2023-03-21,310.36,13.63,17.22,21.98,19.51,1.044,0.9513513513513514
2023-03-20,309.49,13.14,19.06,23.18,20.62,1.152,0.8461538461538461
2023-03-17,312.07,12.0,16.28,20.23,18.26,0.864,0.9314285714285715
2023-03-16,308.39,13.77,17.23,22.08,19.97,1.237,0.9319371727748691
2023-03-15,309.1,11.81,16.77,20.56,18.75,0.988,0.8967391304347827
2023-03-14,305.58,14.87,17.7,23.13,21.11,1.423,0.9547738693467337
2023-03-13,313.21,12.72322435231221,15.28929934392678,19.896157971469204,18.2,1.034,0.8839779005524862
2023-03-10,310.65,12.462008491921402,14.976445295592992,19.484254377566355,17.56,1.338,0.8700564971751413
2023-03-09,314.04,12.35876156147577,13.625998174173501,18.4085636669443,16.53,1.026,0.844311377245509
2023-03-08,315.38,12.14,15.05,19.34,17.21,1.249,0.6368715083798884
2023-03-07,319.8,11.94,14.95,19.15,16.95,0.761,0.8
2023-03-06,320.94,13.25,14.26,19.5,17.18,0.738,0.8764044943820224
2023-03-03,316.36,12.51,15.82,20.18,17.69,0.986,1.0
2023-03-02,316.26,13.68,15.82,20.94,18.31,0.911,0.7055837563451777
2023-02-28,314.8,14.0,15.98,21.26,18.53,0.893,1.0479041916167664
2023-02-27,313.94,13.48,17.78,22.33,19.38,1.254,0.8877551020408162
2023-02-24,316.94,13.84,16.78,21.75,18.81,1.067,0.9883720930232559
2023-02-23,319.44,13.9,16.92,21.91,18.99,0.737,0.9719101123595506
2023-02-22,315.94,13.89,17.73,22.57,19.56,1.285,0.9153439153439155
2023-02-21,321.56,13.41,17.11,21.75,18.89,1.004,0.9285714285714285
2023-02-20,321.79,13.71,16.41,21.4,18.64,0.93,1.0647058823529412
2023-02-17,320.78,12.51,16.62,20.83,18.23,1.061,0.9644970414201185
2023-02-16,324.1,12.41,16.02,20.28,17.84,0.662,0.8522727272727272
2023-02-15,317.99,13.23,15.77,20.59,18.18,1.296,0.8
2023-02-14,323.47,13.25,16.21,20.93,18.52,0.777,1.0173410404624277
2023-02-13,321.75,13.19,15.64,20.47,18.23,1.164,0.9653179190751444
2023-02-10,323.69,11.69,15.41,19.39,17.53,1.264,0.8670520231213873
2023-02-09,324.9,12.87,14.95,19.72,17.95,0.677,0.8587570621468926
2023-02-08,325.63,11.39,14.88,18.78,17.5,0.549,0.8106508875739645
2023-02-07,320.55,11.3,14.84,18.69,17.31,0.932,0.972972972972973
2023-02-06,318.83,11.65,15.12,19.1,17.55,1.2,0.780373831775701
2023-02-03,325.86,12.88,13.44,18.67,17.01,0.692,0.7944444444444445
2023-02-02,323.93,12.28,14.4,18.93,17.08,0.719,0.9822485207100593
2023-02-01,321.19,12.6,14.9,19.52,17.54,0.864,1.0887573964497042
2023-01-31,317.26,13.44,14.51,19.81,17.75,1.082,1.0419161676646707
2023-01-30,322.67,12.07,15.23,19.46,17.38,1.14,1.0120481927710843
2023-01-27,327.98,11.84,14.83,19.0,16.86,0.571,0.8802395209580838
2023-01-26,325.57,11.7,14.46,18.63,16.53,0.626,0.925
2023-01-25,320.76,11.83,14.85,19.0,16.84,0.62,1.0192307692307694
2023-01-20,315.58,12.23,14.48,18.98,16.81,0.898,0.9192546583850931
2023-01-19,313.81,11.62,15.06,19.05,16.89,0.792,0.8622754491017964
2023-01-18,311.91,12.62,14.11,18.94,16.8,0.998,1.0064516129032257
2023-01-17,313.75,12.05,14.71,19.02,16.85,1.1,0.980891719745223
2023-01-16,316.04,11.9,14.93,19.1,16.88,0.816,0.95
2023-01-13,313.77,12.04,14.94,19.19,17.19,0.867,0.9161676646706588
2023-01-12,310.7,13.31,15.51,20.43,18.34,0.843,1.0981595092024539
2023-01-11,310.38,13.56,14.09,19.61,17.98,0.816,0.9072847682119205
2023-01-10,309.57,13.29,15.01,20.05,18.22,0.729,0.9263157894736843
2023-01-09,309.69,13.84,15.08,20.48,18.48,0.565,0.9853658536585366
2023-01-06,301.53,12.74,15.21,19.84,17.74,0.735,0.9759036144578312
2023-01-05,297.87,13.07,15.11,19.99,17.85,0.816,0.7650273224043715
2023-01-04,295.98,12.22,16.41,20.5,18.17,0.694,0.8064516129032258
2023-01-03,289.58,13.78,16.48,21.49,18.96,1.497,0.9081081081081082
2023-01-02,289.79,13.91,16.32,21.45,18.85,1.302,0.898876404494382
2022-12-29,291.1,13.18,16.48,21.11,18.4,1.677,0.9756097560975611
2022-12-28,297.09,12.57,15.71,20.13,17.53,1.361,0.8214285714285714
2022-12-27,304.22,13.06,14.66,19.66,17.09,1.157,1.063380281690141
2022-12-26,302.27,12.3,15.91,20.13,17.46,1.397,1.0134228187919463
2022-12-23,302.07,12.05,16.03,20.07,17.43,1.564,0.9426751592356689
2022-12-22,307.48,11.87,14.89,19.07,16.6,1.038,0.9463087248322147
2022-12-21,303.23,12.41,15.94,20.2,17.62,1.301,1.0129032258064516
2022-12-20,304.05,13.3,15.67,20.56,17.98,1.416,1.0
2022-12-19,306.77,13.05,15.2,20.06,17.6,0.907,0.9689440993788819
2022-12-16,307.48,12.37,14.55,19.11,17.03,1.172,0.8255813953488372
2022-12-15,307.73,11.64,14.53,18.62,16.71,1.056,1.0979020979020977
2022-12-14,313.23,12.03,14.91,19.16,17.27,0.718,1.0063694267515924
2022-12-13,309.56,12.95,16.7,21.15,19.09,1.017,1.095808383233533
2022-12-12,309.64,12.38062743205102,16.457583651074657,20.63261277405055,18.52,1.305,1.0357142857142856
2022-12-09,311.63,11.951771028656214,15.881110809563909,19.896907850969427,17.57,0.962,1.1176470588235294
2022-12-08,308.24,13.72108851534937,15.884037077590863,20.992711438017135,18.38,1.167,1.09375
2022-12-07,308.27,13.49,16.34,21.19,18.45,1.208,0.8895705521472392
2022-12-06,310.14,12.83,16.62,21.01,18.19,1.159,0.9467455621301776
2022-12-05,313.91,12.39,16.75,20.87,17.98,1.065,1.0591715976331362
2022-12-02,315.02,13.41,16.87,21.55,18.49,1.309,0.9322033898305085
2022-12-01,322.02,12.92,15.9,20.49,17.51,0.714,1.1764705882352942
2022-11-30,321.0,12.33,16.74,20.81,17.78,0.707,0.6256410256410256
2022-11-29,315.58,13.15,16.13,20.82,17.76,0.894,0.8875739644970415
2022-11-28,312.21,13.12,16.73,21.26,18.12,1.264,0.9939759036144578
2022-11-25,316.07,12.89,15.26,20.01,16.97,1.103,0.9333333333333333
2022-11-24,317.3,12.49,15.44,19.86,16.85,0.85,0.9931506849315068
2022-11-23,314.11,12.66,17.0,21.21,17.92,0.865,0.9873417721518987
2022-11-22,312.02,13.62,18.04,22.61,19.09,1.049,0.9028571428571429
2022-11-21,314.67,13.81,19.0,23.5,19.81,1.228,0.8402061855670104
2022-11-18,317.12,13.91,18.77,23.37,19.87,0.997,0.8842105263157896
2022-11-17,316.75,14.21,18.77,23.55,20.09,1.378,1.1976047904191618
2022-11-16,321.96,14.05,18.48,23.23,19.87,1.223,0.9567567567567568
2022-11-15,322.31,14.26,17.81,22.83,19.63,1.074,0.9408602150537634
2022-11-14,321.53,14.27,18.71,23.54,20.32,0.978,0.978723404255319
2022-11-11,323.09,14.24,17.68,22.71,19.97,0.769,1.0607734806629834
2022-11-10,311.13,13.63,19.67,23.96,21.21,1.003,0.8792270531400966
2022-11-09,315.23,14.77,16.37,22.09,20.1,0.676,1.0945945945945945
2022-11-08,312.01,14.24,16.88,22.09,19.99,0.717,1.0055555555555555
2022-11-07,307.87,15.38,17.28,23.17,20.82,0.737,1.0404040404040404
2022-11-04,304.33,14.91,18.18,23.51,20.84,0.84,1.0913978494623655
2022-11-03,301.66,14.4,19.29,24.08,21.21,0.881,0.9154228855721391
2022-11-02,303.87,14.43,19.22,24.05,21.13,0.904,0.9289099526066351
2022-11-01,303.88,14.28,19.42,24.12,21.11,0.685,0.8224299065420562
2022-10-31,299.58,15.72,19.7,25.21,21.97,0.791,0.9712918660287082
2022-10-28,295.06,16.21,20.65,26.26,22.71,0.971,0.8888888888888888
2022-10-27,298.82,14.95,20.83,25.65,22.12,0.706,0.8947368421052632
2022-10-26,293.85,15.78,22.14,27.2,23.42,0.9,0.9066666666666666
2022-10-25,291.58,16.63,22.69,28.14,24.23,1.063,0.9033613445378151
2022-10-24,291.47,17.02,22.95,28.57,24.62,1.139,0.9745762711864406
2022-10-21,288.57,15.91,22.6,27.66,23.94,0.892,0.9264069264069262
2022-10-20,288.61,16.43,22.22,27.66,24.04,1.308,0.8211382113821137
2022-10-19,291.29,16.16,21.04,26.55,23.21,1.058,0.8185654008438819
2022-10-18,293.59,15.76,20.67,26.03,22.86,0.95,0.9022222222222223
2022-10-17,289.57,16.02,22.55,27.68,24.4,1.072,0.8063241106719367
2022-10-14,289.36,16.34,21.32,26.86,23.94,0.994,0.9649122807017544
2022-10-13,282.57,17.08,25.24,30.49,27.22,1.335,0.8475836431226766
2022-10-12,287.09,15.87,21.52,26.74,24.69,0.934,0.9627659574468086
2022-10-11,284.96,15.84,23.31,28.19,25.78,1.591,0.7407407407407407
2022-10-07,290.41,15.66,21.34,26.48,23.93,1.031,0.8254716981132075
2022-10-06,291.26,14.43,21.61,26.0,23.37,0.861,0.9068627450980393
2022-10-05,289.05,14.99,22.67,27.2,24.36,1.269,0.943661971830986
2022-10-04,288.27,14.78,23.7,27.97,24.99,0.871,0.9773755656108597
2022-09-30,281.36,16.08,26.1,30.68,27.19,1.513,0.8611111111111112
2022-09-29,282.65,17.12,23.59,29.17,25.96,1.018,1.0136986301369864
2022-09-28,283.19,17.01,24.5,29.84,26.59,1.816,0.8287937743190662
2022-09-27,290.2,15.42,21.3,26.3,23.62,1.42,0.894273127753304
2022-09-26,289.77,15.28,21.96,26.76,24.02,2.23,0.9012875536480687
2022-09-23,297.74,13.14,18.23,22.48,20.33,1.616,0.8608247422680413
2022-09-22,301.65,13.82,17.82,22.56,20.47,1.652,0.782608695652174
2022-09-21,304.67,13.68,18.27,22.86,20.8,1.676,0.8277511961722489
2022-09-20,307.54,12.17,17.22,21.1,19.28,1.27,0.8333333333333334
2022-09-19,306.49,13.01,16.98,21.43,19.64,1.308,0.8842105263157896
2022-09-16,308.69,12.3,16.57,20.64,19.13,1.56,0.7715736040609137
2022-09-15,310.63,12.33,15.33,19.69,18.39,1.377,0.9314285714285715
2022-09-14,312.74,11.69,16.2,19.98,18.73,1.378,0.8449197860962567
2022-09-13,318.56,9.91,14.52,17.6,16.68,0.851,0.9873417721518987
2022-09-08,309.12,12.87513571770676,16.374138328471087,20.856963579053435,19.17,1.029,0.8457446808510638
2022-09-07,308.16,13.08,17.36,21.74,19.85,1.82,1.0
2022-09-06,313.01,12.2,16.19,20.28,18.49,1.073,0.896551724137931
2022-09-05,312.47,11.95,17.02,20.8,18.87,1.265,0.7794871794871795
2022-09-02,312.92,12.86,16.67,21.07,19.07,1.462,1.0419161676646707
2022-09-01,315.02,11.93,17.6,21.27,19.2,1.814,0.7676767676767676
2022-08-31,322.96,11.92,14.87,19.1,17.31,0.963,0.4950980392156863
2022-08-30,319.49,10.84,16.03,19.36,17.47,0.985,0.7909604519774012
2022-08-29,316.35,12.69,16.39,20.75,18.72,1.795,0.7462686567164178
2022-08-26,323.91,10.08,14.82,17.94,16.19,0.874,0.9078947368421053
2022-08-25,323.63,10.82,14.01,17.74,16.19,0.93,0.8670886075949367
2022-08-24,319.86,11.03,15.72,19.21,17.48,1.173,0.7877094972067039
2022-08-23,318.69,12.01,15.26,19.44,17.72,1.319,0.7580645161290321
2022-08-22,322.77,10.92,14.73,18.33,16.76,1.276,0.7657142857142857
2022-08-19,326.79,9.91,13.96,17.13,15.73,1.184,0.826923076923077
2022-08-18,328.8,10.36,13.6,17.12,15.77,1.256,0.7777777777777778
2022-08-17,329.91,10.18,13.35,16.79,15.51,1.022,0.8311688311688312
2022-08-16,331.78,9.7,13.55,16.67,15.42,0.87,0.8486842105263158
2022-08-12,330.67,10.43,12.67,16.43,15.45,1.066,0.8258064516129032
2022-08-11,329.92,10.12,13.25,16.68,15.74,0.688,0.8636363636363636
2022-08-10,324.35,10.42,14.54,17.9,17.18,1.321,0.8922155688622755
2022-08-09,328.11,10.99,13.31,17.28,16.5,0.924,0.858974358974359
2022-08-08,327.23,10.62,14.64,18.09,17.15,1.124,0.7630057803468208
2022-08-05,327.5,10.91,14.43,18.09,17.0,0.823,0.7948717948717949
2022-08-04,325.47,11.79,14.78,18.92,17.7,0.957,0.845679012345679
2022-08-03,323.8,11.08,16.42,19.84,18.45,0.94,0.8379888268156426
2022-08-02,321.64,11.86,17.0,20.76,19.24,1.322,0.7889447236180904
2022-08-01,322.97,12.65,14.96,19.62,18.22,0.996,0.9415204678362573
2022-07-29,323.31,12.39,14.72,19.27,17.79,0.884,0.8197674418604651
2022-07-28,321.62,12.09,15.76,19.87,18.36,0.876,0.9585798816568047
2022-07-27,319.74,12.88,16.52,20.95,19.39,1.199,0.8947368421052632
2022-07-26,319.61,12.84,16.53,20.93,19.38,0.987,0.9562841530054644
2022-07-25,318.34,12.32,17.71,21.61,19.97,0.888,0.921875
2022-07-22,317.33,13.22,16.65,21.27,19.71,0.995,0.9408602150537634
2022-07-21,319.68,13.25,17.01,21.59,20.02,0.779,0.7523809523809524
2022-07-20,316.02,12.51,17.94,21.91,20.31,0.75,0.904040404040404
2022-07-19,313.9,14.38,17.02,22.31,20.74,1.221,0.8373205741626795
2022-07-18,314.87,13.68,17.27,22.04,20.53,0.791,0.9589743589743589
2022-07-15,307.91,14.63,18.46,23.56,22.08,1.236,0.8801843317972351
2022-07-14,305.35,15.47,19.4,24.85,23.32,1.095,0.9953051643192488
2022-07-13,306.59,14.71,19.15,24.15,23.3,1.144,1.083743842364532
2022-07-12,305.03,15.01,19.01,24.22,23.33,1.609,0.9311926605504587
2022-07-11,308.29,13.74,19.97,24.28,23.33,1.258,1.0
2022-07-08,310.15,14.59,19.14,24.07,23.0,0.897,0.8888888888888888
2022-07-07,308.31,15.53,19.25,24.77,23.6,0.646,0.9170506912442395
2022-07-06,302.28,15.69,20.71,25.98,24.67,1.355,0.9862385321100917
2022-07-05,309.03,13.82,19.52,23.92,22.73,0.739,0.9333333333333333
2022-07-04,304.01,14.69,20.75,25.43,24.07,1.279,0.9414414414414414
2022-07-01,304.02,14.81,20.59,25.38,23.98,1.467,0.9541284403669725
2022-06-30,307.2,14.83,20.5,25.3,23.9,1.433,0.8744588744588744
2022-06-29,312.86,14.62,18.67,23.72,22.46,1.569,0.9014084507042253
2022-06-28,319.11,14.11,17.28,22.33,21.21,1.148,0.9303482587064675
2022-06-27,316.2,14.5,18.77,23.74,22.5,0.833,0.9569377990430623
2022-06-24,312.07,14.22,20.9,25.28,23.94,0.992,0.9594594594594595
2022-06-23,305.45,16.16,22.12,27.4,25.92,1.544,1.0170212765957447
2022-06-22,308.08,15.85,21.92,27.05,25.64,2.095,0.9500000000000001
2022-06-21,316.38,13.52,20.56,24.64,23.4,1.28,1.0
2022-06-20,314.44,16.38,22.39,27.77,26.37,1.756,0.91699604743083
2022-06-17,320.09,14.62,22.66,27.0,25.79,1.452,0.8844621513944222
2022-06-16,322.25,13.55,20.61,24.69,23.72,1.35,0.8995633187772927
2022-06-15,322.21,15.9,19.48,25.18,24.27,1.752,0.8945147679324894
2022-06-14,328.23,14.05,20.19,24.61,23.74,1.47,0.8620689655172414
2022-06-13,329.88,13.700018651442445,19.95622493409922,24.21882788229672,23.3,1.929,0.9140271493212668
2022-06-10,341.89,11.932392021758261,14.748209293250545,18.991142466382996,18.29,1.331,0.8555555555555556
2022-06-09,346.62,10.447149311179864,14.234404839769107,17.66456935336703,17.0,1.244,0.7528089887640449
2022-06-08,346.22,11.28,13.77,17.82,17.1,1.012,1.0923076923076922
2022-06-07,345.67,11.38,15.21,19.0,18.1,1.547,0.8516483516483517
2022-06-03,352.01,10.23,14.42,17.68,16.87,0.946,0.9492753623188405
2022-06-02,350.51,10.91,15.01,18.56,17.6,1.546,0.7901234567901235
2022-05-31,354.54,11.35,14.25,18.25,17.26,1.062,0.7888198757763975
2022-05-30,352.49,11.02,15.23,18.8,17.74,0.828,0.8695652173913043
2022-05-27,348.04,11.58,16.29,20.01,18.8,0.841,0.9333333333333333
2022-05-26,344.26,12.65,16.68,20.95,19.91,1.076,0.9055555555555556
2022-05-25,345.6,12.5,16.76,20.92,19.89,0.98,0.9027027027027027
2022-05-24,344.08,12.83,17.45,21.68,20.61,1.391,0.8629441624365483
2022-05-23,350.34,11.95,16.47,20.36,19.44,1.002,0.8776595744680851
2022-05-20,349.29,11.21,16.5,19.96,19.1,0.859,0.8999999999999999
2022-05-19,343.24,12.35,17.38,21.32,20.42,1.336,0.7692307692307692
2022-05-18,348.34,11.55,15.24,19.13,18.4,1.105,0.8426966292134831
2022-05-17,347.53,11.49,16.13,19.81,19.06,0.863,0.8540540540540541
2022-05-16,343.94,11.55,17.63,21.1,20.27,1.335,0.8952879581151832
2022-05-13,345.5,12.01,16.35,20.3,19.69,0.787,0.8829787234042553
2022-05-12,337.94,13.41,19.27,23.48,22.72,1.389,0.8657407407407407
2022-05-11,343.44,12.81,17.2,21.45,21.1,0.968,0.9775280898876403
2022-05-10,343.67,13.29,18.36,22.67,22.11,1.318,0.9035532994923858
2022-05-09,345.41,12.71,17.93,21.98,21.39,1.425,0.9414634146341464
2022-05-06,349.0,12.72,17.36,21.54,20.87,1.672,0.7722772277227723
2022-05-04,353.85,12.11,16.2,20.25,19.61,1.168,0.8071065989847717
2022-05-03,353.32,11.97,17.23,20.98,20.25,0.903,0.7644230769230769
2022-05-02,354.02,12.48,17.21,21.28,20.5,1.329,0.7616822429906542
2022-04-29,355.08,11.08,16.23,19.65,18.92,0.759,0.8636363636363635
2022-04-28,350.16,11.58,17.88,21.31,20.45,1.025,0.7871287128712872
2022-04-27,346.21,13.2,18.74,22.95,21.98,1.416,0.8073394495412844
2022-04-26,350.67,11.73,17.11,20.75,19.94,0.959,0.7777777777777778
2022-04-25,348.98,11.35,18.79,21.98,21.05,1.508,0.8195121951219513
2022-04-22,355.43,10.36,15.19,18.39,17.75,1.404,0.7542857142857142
2022-04-21,359.02,9.31,14.57,17.33,16.77,0.953,0.8136645962732918
2022-04-20,357.52,10.15,14.76,17.92,17.34,1.119,0.7988165680473374
2022-04-19,357.36,10.33,15.06,18.27,17.69,0.785,0.815028901734104
2022-04-18,353.63,10.88,16.19,19.54,18.88,0.927,0.8715083798882682
2022-04-15,353.84,11.07,14.42,18.19,17.77,1.39,0.7853107344632769
2022-04-14,357.38,9.91,14.22,17.34,17.13,1.063,0.8475609756097562
2022-04-13,359.0,10.54,13.2,16.93,17.02,0.7,0.6855345911949685
2022-04-12,352.32,10.89,15.1,18.62,18.47,1.51,1.005952380952381
2022-04-11,355.78,10.99,13.86,17.72,17.57,1.159,0.92
2022-04-08,356.01,10.77,13.5,17.31,17.1,1.142,0.9395973154362416
2022-04-07,355.73,11.2,14.14,18.07,17.78,1.485,0.9620253164556961
2022-04-06,361.01,10.7,13.23,17.06,16.79,1.493,0.9013157894736842
2022-04-05,364.74,9.75,12.87,16.14,15.91,1.07,0.9020979020979021
2022-04-04,364.94,10.11,13.4,16.79,16.49,0.963,0.9019607843137255
2022-04-01,363.19,10.66,13.78,17.44,17.07,1.51,0.8734177215189873
2022-03-31,365.61,10.62,13.96,17.55,17.14,0.968,0.793939393939394
2022-03-30,364.5,10.56,15.02,18.36,17.88,1.032,0.8452380952380951
2022-03-29,363.77,11.57,15.42,19.29,18.75,1.043,0.8435754189944135
2022-03-28,362.06,11.29,16.75,20.21,19.6,0.972,0.9230769230769231
2022-03-25,362.06,10.98,16.97,20.23,19.62,1.206,0.8532608695652174
2022-03-24,363.38,11.64,16.65,20.31,19.73,1.278,0.7979274611398963
2022-03-23,364.84,10.95,16.91,20.17,19.61,1.07,0.8201058201058201
2022-03-22,361.66,12.52,17.62,21.64,21.03,0.705,0.8571428571428571
2022-03-21,358.77,13.75,18.51,23.07,22.4,1.429,0.9004739336492891
2022-03-18,362.33,12.26,18.83,22.48,21.93,1.229,0.862559241706161
2022-03-17,361.46,12.56,19.36,23.11,22.55,1.067,0.9154929577464789
2022-03-16,356.09,14.5,19.45,24.27,23.74,1.171,0.9118942731277533
2022-03-15,351.03,15.42,21.39,26.37,25.77,1.584,0.8979591836734694
2022-03-14,354.61,13.789303764399186,21.2143724486676,25.32782460507815,24.7,1.373,0.8902953586497891
2022-03-11,355.31,13.856377511303887,21.06310823162407,25.226198833141734,24.41,1.9,0.8529411764705882
2022-03-10,358.01,13.830001227152977,22.84925762633646,26.720885046190862,25.71,0.995,0.8448979591836734
2022-03-08,349.38,16.8,25.19,30.28,28.95,1.489,0.6847457627118644
2022-03-07,353.03,16.06,24.39,29.21,27.84,1.885,0.8
2022-03-04,361.69,14.86,20.97,25.72,24.57,2.008,0.757936507936508
2022-03-03,367.06,12.92,19.86,23.71,22.73,0.891,0.7835497835497836
2022-03-02,360.59,14.84,21.36,26.02,24.89,1.32,0.8455598455598455
2022-02-28,361.54,14.88,20.68,25.5,24.41,1.187,0.8281249999999999
2022-02-25,358.44,14.25,20.42,24.92,23.84,1.192,0.9427312775330396
2022-02-24,355.04,15.66,23.66,28.38,27.09,1.626,0.8303886925795053
2022-02-23,364.44,13.75,21.07,25.18,24.07,1.238,0.8388429752066117
2022-02-22,363.51,15.31,21.63,26.52,25.34,1.519,0.884
2022-02-21,368.29,13.79,20.68,24.87,23.79,1.102,0.9377777777777778
2022-02-18,368.55,14.01,20.29,24.67,23.68,1.22,0.8398268398268397
2022-02-17,369.55,12.91,20.51,24.24,23.28,1.09,0.9069767441860465
2022-02-16,367.3,12.46,19.05,22.77,21.94,0.984,0.8530805687203791
2022-02-15,360.43,14.42,21.09,25.56,24.62,1.73,0.8808510638297872
2022-02-14,362.98,14.21,20.15,24.68,23.84,1.933,0.9282511210762331
2022-02-11,368.61,12.55,17.37,21.44,20.92,1.45,0.8155339805825242
2022-02-10,371.57,,,,19.21,0.843,0.8956043956043956
2022-02-09,368.65,11.19,16.37,19.85,19.68,0.863,1.0314465408805031
2022-02-08,363.48,13.08,16.91,21.39,21.06,1.267,0.8461538461538461
2022-02-07,362.92,13.36,17.51,22.03,21.59,1.44,0.9860465116279069
2022-02-04,366.34,13.1,17.08,21.54,21.02,0.958,0.8434343434343433
2022-02-03,361.6,13.02,19.68,23.61,22.92,1.182,0.8651162790697675
2022-01-28,357.98,14.09,20.48,24.86,23.97,1.1,0.7685950413223142
2022-01-27,348.58,16.85,23.68,29.08,27.94,2.374,0.8146853146853147
2022-01-26,360.83,14.87,21.04,25.77,24.83,1.402,0.8636363636363636
2022-01-25,362.39,15.17,22.65,27.28,26.26,2.456,0.7830882352941176
2022-01-24,371.3,12.9,18.0,22.16,21.48,1.801,0.8504672897196262
2022-01-21,376.08,11.68,16.1,19.91,19.36,1.716,0.9065934065934066
2022-01-20,380.39,11.01,14.79,18.43,17.99,1.148,0.8342857142857143
2022-01-19,378.21,11.68,15.26,19.22,18.76,1.538,0.8659217877094972
2022-01-18,381.01,11.38,14.64,18.55,18.16,1.413,0.8131868131868133
2022-01-17,383.81,10.76,14.26,17.88,17.53,1.542,0.9156626506024095
2022-01-14,387.45,9.77,14.05,17.14,16.97,1.366,0.7745664739884393
2022-01-13,393.0,9.41,12.96,16.02,15.96,1.147,0.79375
2022-01-12,394.66,9.35,12.7,15.78,15.91,0.677,0.9205298013245033
2022-01-11,388.97,10.74,13.54,17.28,17.27,1.0,0.7411167512690355
2022-01-10,387.52,10.06,14.3,17.5,17.41,1.469,0.7463414634146341
2022-01-07,390.85,10.37,13.64,17.14,16.99,0.85,0.7705882352941176
2022-01-06,386.22,10.6,14.2,17.72,17.52,1.271,0.7195767195767196
2022-01-05,390.39,9.72,13.59,16.74,16.58,1.599,0.6881720430107526
2022-01-04,395.4,9.77,12.85,16.15,16.0,1.044,0.7529411764705882
2022-01-03,395.51,10.32,13.21,16.77,16.57,0.955,0.8235294117647058
2021-12-30,394.19,9.62,13.65,16.73,16.5,1.142,0.85625
2021-12-29,396.72,9.96,13.53,16.8,16.55,0.99,0.7810650887573964
2021-12-28,401.21,10.47,13.82,17.34,17.07,0.808,0.920245398773006
2021-12-27,398.61,10.66,14.16,17.74,17.46,1.18,0.7840909090909091
2021-12-24,400.53,9.97,13.41,16.74,16.5,0.665,0.8152866242038217
2021-12-23,398.15,10.53,13.56,17.18,16.93,1.12,0.7352941176470589
2021-12-22,396.07,11.11,13.69,17.66,17.42,1.071,0.76
2021-12-21,393.95,10.57,15.29,18.6,18.32,1.15,0.7771739130434784
2021-12-20,391.37,12.19,15.6,19.83,19.52,1.041,0.7563451776649747
2021-12-17,398.96,10.72,13.32,17.11,17.02,0.862,0.7231638418079097
2021-12-16,397.68,10.61,13.35,17.05,16.98,0.992,0.8047337278106509
2021-12-15,395.66,11.23,14.75,18.54,18.43,1.118,0.7593582887700535
2021-12-14,395.41,10.91,14.93,18.49,18.4,1.54,0.7393617021276596
2021-12-13,397.27,11.002169367624308,14.391621336493913,18.127253812120284,18.0,1.004,0.8639053254437871
2021-12-10,397.97,10.294565137811675,14.277710600333041,17.602019525142847,17.39,1.278,0.7359550561797752
2021-12-09,401.13,10.108278371511869,13.500705183071975,16.866778245641157,16.65,1.047,0.7294117647058824
2021-12-08,397.27,11.38,13.98,18.04,17.69,0.924,1.387931034482759
2021-12-07,396.31,11.04,15.35,18.91,18.48,1.02,0.806282722513089
2021-12-06,392.85,12.93,17.33,21.64,20.91,0.826,0.7568627450980392
2021-12-03,391.96,12.16,16.61,20.59,20.09,0.812,0.865
2021-12-02,389.64,12.21,17.79,21.59,21.02,0.857,0.7577092511013216
2021-12-01,383.13,11.56,17.62,21.09,20.57,0.804,0.8365384615384615
2021-11-30,373.24,13.21,19.81,23.81,23.23,2.764,0.8861788617886178
2021-11-29,381.63,12.35,17.51,21.43,20.92,1.875,0.883177570093458
2021-11-26,385.07,11.46,14.28,18.32,18.04,2.202,0.8415300546448087
2021-11-25,391.93,10.54,12.44,16.31,16.16,1.273,0.9932432432432432
2021-11-24,395.4,10.7,12.42,16.41,16.27,1.073,0.8924050632911392
2021-11-23,396.44,10.36,13.0,16.64,16.5,1.199,0.8363636363636364
2021-11-22,399.07,10.05,12.81,16.28,16.17,0.659,0.9545454545454545
2021-11-19,390.53,9.91,12.88,16.28,16.25,0.828,0.8867924528301886
2021-11-18,387.44,10.28,13.19,16.75,16.74,1.288,0.9681528662420382
2021-11-17,389.44,10.08,13.08,16.51,16.51,1.444,0.9113924050632911
2021-11-16,394.07,9.44,12.71,15.84,15.97,0.927,0.9144736842105263
2021-11-15,394.36,9.75,12.46,15.82,15.9,0.789,0.9597315436241611
2021-11-12,390.38,9.96,12.52,16.03,16.18,0.921,0.9281045751633986
2021-11-11,385.97,9.42,13.89,16.81,16.98,1.146,0.9192546583850931
2021-11-10,386.24,9.94,15.11,18.11,18.19,1.358,0.8562874251497007
2021-11-09,390.36,10.76,14.24,17.86,18.0,1.095,0.8393782383419689
2021-11-08,389.59,10.59,14.75,18.16,18.24,1.181,0.9289340101522844
2021-11-05,389.86,10.85,14.35,18.0,18.02,1.559,0.9479768786127166
2021-11-04,391.54,10.3,14.24,17.58,17.6,0.945,0.9817073170731709
2021-11-03,389.48,10.36,15.19,18.4,18.36,1.969,0.8125
2021-11-02,394.82,10.42,13.79,17.29,17.28,0.692,0.9320987654320988
2021-11-01,389.81,10.88,14.84,18.4,18.33,1.051,0.943502824858757
2021-10-29,388.47,10.29,15.55,18.66,18.55,1.609,0.8279569892473118
2021-10-28,393.89,9.77,14.07,17.13,17.09,0.934,0.8957055214723926
2021-10-27,395.48,10.36,13.35,16.91,16.88,1.311,0.8484848484848485
2021-10-26,399.07,9.23,13.21,16.13,16.11,0.726,0.8701298701298701
2021-10-25,395.01,10.19,13.72,17.1,17.03,1.051,0.9056603773584906
2021-10-22,393.34,9.96,14.1,17.28,17.2,1.027,0.9056603773584906
2021-10-21,393.18,,,,17.68,1.312,0.830409356725146
2021-10-20,393.74,,,,17.73,1.326,0.8488372093023256
2021-10-19,395.41,10.47,13.74,17.28,17.24,1.034,0.8682634730538923
2021-10-18,392.02,10.61,14.61,18.06,18.01,1.409,0.9239766081871345
2021-10-15,393.19,9.8,13.85,16.98,17.03,1.187,0.9810126582278481
2021-10-14,389.59,10.33,14.97,18.2,18.21,0.867,0.8453038674033149
2021-10-13,384.1,11.77,16.54,20.31,20.54,0.991,0.8888888888888888
2021-10-12,380.69,13.62,17.79,22.41,22.4,2.091,0.7469387755102042
2021-10-08,387.42,12.33,16.43,20.54,20.47,1.385,0.8641304347826088
2021-10-07,388.14,12.66,16.32,20.66,20.54,1.006,0.8325123152709358
2021-10-06,381.93,13.24,17.4,21.87,21.84,2.114,0.8858447488584474
2021-10-05,388.01,13.42,16.29,21.11,21.22,2.237,0.9027777777777777
2021-10-01,394.79,11.26,15.29,19.01,18.91,2.128,0.698019801980198
2021-09-30,401.3,10.84,13.57,17.4,17.35,1.017,0.8333333333333333
2021-09-29,400.09,10.52,14.53,17.96,17.87,2.089,0.7379679144385027
2021-09-28,406.2,9.89,13.17,16.47,16.45,1.54,0.7485029940119761
2021-09-27,410.97,9.83,12.52,15.92,15.92,0.968,0.8387096774193549
2021-09-24,409.84,9.25,13.45,16.34,16.33,1.102,0.8074534161490683
2021-09-23,410.46,9.61,13.68,16.73,16.72,1.022,0.7777777777777778
2021-09-17,410.99,9.28,12.22,15.35,15.48,1.252,0.8376623376623377
2021-09-16,409.22,8.59,12.6,15.28,15.44,1.403,0.88
2021-09-15,412.85,8.69,11.52,14.43,14.66,0.912,0.875
2021-09-14,412.36,8.41,11.71,14.43,14.67,0.77,0.8819444444444444
2021-09-13,409.7,8.701376549124424,12.276982907039176,15.06315252229305,15.28,1.233,0.8627450980392156
2021-09-10,408.7,9.340168202038521,11.759275443684928,15.01924051293551,15.18,1.341,0.8496732026143791
2021-09-09,407.28,9.191241401006529,12.967303188144388,15.925723431417534,16.02,1.702,0.8447204968944099
2021-09-08,414.54,8.69,11.78,14.65,14.73,1.321,0.9347826086956521
2021-09-07,417.8,9.08,10.76,14.09,14.18,1.459,1.124031007751938
2021-09-06,420.37,8.92,11.07,14.21,14.24,0.815,0.9019607843137255
2021-09-03,419.22,9.47,10.99,14.53,14.62,0.688,0.8741258741258741
2021-09-02,415.89,9.72,11.64,15.19,15.25,1.506,1.042857142857143
2021-09-01,419.92,9.11,11.78,14.89,14.96,0.809,0.9025974025974026
2021-08-31,419.79,8.75,11.77,14.69,14.76,0.726,0.8280254777070064
2021-08-30,411.5,9.12,12.96,15.86,15.88,1.049,0.9030303030303031
2021-08-27,410.24,9.76,12.86,16.15,16.17,1.31,0.8802395209580838
2021-08-26,410.38,9.65,12.74,15.99,16.15,1.406,0.8452380952380951
2021-08-25,413.95,9.56,11.93,15.3,15.48,1.012,0.7926829268292683
2021-08-24,412.48,9.2,12.41,15.45,15.62,0.783,0.9096774193548387
2021-08-23,404.58,10.21,13.75,17.13,17.29,1.085,0.9248554913294798
2021-08-20,400.78,11.54,14.71,18.71,18.92,1.739,0.8697916666666666
2021-08-19,404.96,10.32,14.16,17.52,17.82,1.704,0.8500000000000001
2021-08-18,413.36,9.38,11.96,15.21,15.48,1.215,0.81875
2021-08-17,411.31,9.55,12.91,16.07,16.34,1.945,0.9012345679012346
2021-08-13,416.06,9.47,11.76,15.12,15.45,2.048,0.8733333333333333
2021-08-12,422.38,8.5,10.74,13.72,14.09,1.515,0.9921874999999999
2021-08-11,424.74,8.68,11.98,14.8,15.12,1.48,1.0508474576271185
2021-08-10,428.56,7.85,11.74,14.14,14.52,1.644,1.064
2021-08-09,431.65,8.12,11.27,13.9,14.28,1.056,0.9624060150375939
2021-08-06,433.29,8.8,10.61,13.81,14.18,1.106,0.9661016949152542
2021-08-05,434.74,8.73,11.14,14.17,14.53,0.891,1.007936507936508
2021-08-04,436.05,8.13,11.88,14.42,14.77,0.507,0.875
2021-08-03,429.98,8.52,11.72,14.49,14.78,0.91,0.8417266187050358
2021-08-02,426.79,8.36,13.08,15.54,15.77,1.299,0.7908496732026143
2021-07-30,423.91,9.14,14.48,17.14,17.3,1.943,0.8789808917197454
2021-07-29,429.49,8.47,12.8,15.36,15.58,1.273,0.8194444444444444
2021-07-28,429.15,9.66,12.56,15.87,16.11,1.515,0.7834394904458599
2021-07-27,428.22,9.21,12.47,15.52,15.75,1.217,0.8445945945945945
2021-07-26,427.47,9.15,12.91,15.82,16.05,1.512,0.9178082191780822
2021-07-23,431.55,7.65,11.9,14.17,14.42,0.851,0.8370370370370371
2021-07-22,431.38,8.12,11.78,14.34,14.6,0.734,0.8529411764705882
2021-07-21,426.0,9.37,12.81,15.88,16.12,1.594,0.8193548387096774
2021-07-20,428.55,9.21,12.34,15.42,15.68,1.386,0.8410596026490066
2021-07-19,429.89,8.29,12.45,14.97,15.25,1.891,0.8
2021-07-16,434.82,7.21,10.63,12.86,13.23,1.358,0.7938931297709925
2021-07-15,436.76,6.76,10.64,12.65,13.04,0.937,0.7938931297709925
2021-07-14,433.57,7.95,9.65,12.54,12.97,1.237,0.8650793650793651
2021-07-13,434.71,7.04,9.84,12.1,12.55,0.888,0.848
2021-07-12,431.28,7.50564986723643,10.864186468804062,13.224060217008931,13.62,1.035,0.9083969465648856
2021-07-09,427.84,8.413900417659027,12.197782871070526,14.84050169746588,15.12,1.892,0.7579617834394905
2021-07-08,432.63,8.709384598213674,10.82235412660671,13.907698370090499,14.19,1.34,0.7364864864864865
2021-07-07,436.97,7.39,10.65,12.99,13.29,1.623,0.7040000000000001
2021-07-06,439.5,7.31,9.95,12.37,12.71,0.703,0.8278688524590164
2021-07-05,437.66,8.11,9.85,12.77,13.11,0.747,1.008849557522124
2021-07-02,436.0,8.34,10.55,13.45,13.74,1.135,0.7768595041322315
2021-07-01,436.34,8.92,10.8,14.02,14.33,1.495,0.821705426356589
2021-06-30,438.84,8.06,11.16,13.81,14.17,0.714,0.8692307692307693
2021-06-29,437.54,8.55,11.3,14.18,14.52,1.187,0.8142857142857143
2021-06-28,439.98,8.42,11.66,14.42,14.8,1.142,0.8356164383561644
2021-06-25,440.4,8.61,11.6,14.46,14.82,0.552,0.8571428571428571
2021-06-24,438.38,8.65,11.67,14.53,14.84,0.36,0.851063829787234
2021-06-23,436.73,8.98,11.31,14.45,14.75,0.858,0.8124999999999999
2021-06-22,434.42,9.18,11.65,14.84,15.11,0.971,0.7933333333333333
2021-06-21,431.46,9.6,12.85,16.04,16.28,1.916,0.8048780487804879
2021-06-18,435.02,8.43,11.55,14.31,14.62,0.897,0.8705035971223021
2021-06-17,434.73,9.12,11.48,14.66,14.98,1.325,0.7532467532467532
2021-06-16,436.96,9.2,10.98,14.34,14.7,0.655,0.8482758620689655
2021-06-15,434.13,9.05,10.64,13.98,14.33,0.812,0.8905109489051095
2021-06-14,433.22,8.66,11.14,14.12,14.46,1.137,0.8705035971223021
2021-06-11,432.78,8.59,11.2,14.12,14.51,0.883,0.8794326241134752
2021-06-10,429.35,9.95,11.27,15.06,15.44,0.876,0.9183673469387755
2021-06-09,428.16,9.91,12.81,16.2,16.58,1.251,0.9726027397260274
2021-06-08,432.88,9.86,12.38,15.83,16.24,0.804,0.9363057324840764
2021-06-07,433.26,10.66,12.75,16.63,17.04,0.963,0.9822485207100593
2021-06-04,432.22,,,,17.43,1.011,0.9415584415584415
2021-06-03,433.87,11.06,12.99,17.07,17.48,0.459,0.8727272727272728
2021-06-02,430.15,9.87,12.94,16.29,16.63,0.888,0.8711656441717791
2021-06-01,430.32,10.01,12.63,16.13,16.48,0.604,0.9074074074074074
2021-05-31,427.91,10.2,13.24,16.72,17.04,1.173,0.861271676300578
2021-05-28,425.95,10.4,13.38,16.97,17.31,0.906,0.9212121212121211
2021-05-27,423.0,10.81,14.41,18.02,18.29,1.277,0.8333333333333333
2021-05-26,423.54,11.34,14.37,18.32,18.68,1.316,0.8702702702702704
2021-05-25,424.35,10.95,15.18,18.72,18.99,0.879,0.9508196721311474
2021-05-24,420.57,12.02,16.43,20.36,20.59,1.19,0.815668202764977
2021-05-21,422.08,11.83,15.84,19.78,20.09,1.212,0.8492462311557789
2021-05-20,421.68,11.08,15.23,18.85,19.12,1.041,0.8641304347826088
2021-05-18,423.09,10.91,14.21,17.91,18.23,0.666,0.8735632183908046
2021-05-17,418.27,11.41,15.19,19.0,19.29,1.402,0.8736263736263736
2021-05-14,420.17,10.95,15.53,19.0,19.32,0.998,0.8681318681318682
2021-05-13,416.07,12.32,17.82,21.67,21.9,1.482,0.8374384236453202
2021-05-12,421.86,12.66,17.97,22.0,22.17,1.898,0.7610619469026548
2021-05-11,428.77,11.62,15.85,19.65,20.0,1.932,0.8059701492537312
2021-05-10,435.63,10.82,12.88,16.84,17.34,0.47,0.9753086419753088
2021-05-07,428.56,10.48,12.15,16.07,16.43,0.644,1.0232558139534882
2021-05-06,426.64,10.25,13.17,16.69,17.0,0.909,0.6863905325443788
2021-05-04,423.57,10.26,13.07,16.62,16.89,1.076,0.8291139240506329
2021-05-03,420.36,10.48,14.48,17.88,18.09,1.08,0.8514285714285714
2021-04-30,422.36,10.57,15.39,18.68,18.84,1.903,0.8914285714285715
2021-04-29,426.28,11.22,14.98,18.72,18.92,1.155,0.8421052631578947
2021-04-28,427.48,10.71,15.33,18.71,18.92,1.35,0.8272251308900523
2021-04-27,432.14,10.93,14.02,17.81,18.1,1.021,0.8539325842696629
2021-04-26,432.36,11.2,14.21,18.11,18.36,0.904,0.7807486631016043
2021-04-23,428.34,10.53,14.73,18.11,18.33,0.965,0.7688172043010753
2021-04-22,427.37,10.57,14.12,17.65,17.86,1.039,0.9212121212121211
2021-04-21,426.75,11.78,14.55,18.74,18.95,1.759,0.8516483516483517
2021-04-20,434.6,11.24,13.56,17.63,17.96,0.762,0.8044692737430168
2021-04-19,431.96,11.23,13.7,17.74,18.04,0.851,0.8628571428571429
2021-04-16,432.43,11.14,13.19,17.29,17.61,1.051,0.8171428571428572
2021-04-15,432.66,10.29,13.82,17.26,17.6,0.877,0.8218390804597703
2021-04-14,430.71,10.68,12.04,16.12,16.49,0.734,0.9605263157894737
2021-04-13,429.08,10.94,12.74,16.8,17.11,0.588,0.8622754491017964
2021-04-12,424.22,10.611625953110444,12.285670376045488,16.26046140631594,16.54,1.268,0.8670886075949367
2021-04-09,424.3,10.671507443629306,12.557080155567412,16.49294292243928,16.69,1.35,0.845679012345679
2021-04-08,426.86,10.024954255148737,12.447846706755898,15.98497494210166,16.19,0.829,0.7485029940119761
2021-04-07,426.7,11.24,13.14,17.31,17.45,0.815,0.7678571428571428
2021-04-06,425.88,11.68,14.04,18.27,18.34,0.78,0.8756476683937823
2021-04-05,424.85,11.68,14.9,18.95,18.97,0.815,0.8627450980392158
2021-04-02,423.74,12.57,14.79,19.43,19.51,0.722,0.9226519337016573
2021-04-01,419.42,11.81,15.94,19.85,19.88,0.698,0.9052631578947368
2021-03-31,415.04,12.41,16.24,20.44,20.44,0.923,0.8994974874371859
2021-03-30,416.61,12.23,16.61,20.65,20.64,0.726,0.7926267281105991
2021-03-29,412.05,13.26,16.32,21.04,21.01,1.22,0.9414634146341464
2021-03-26,412.89,12.32,16.22,20.37,20.36,0.931,0.8906250000000001
2021-03-25,408.53,13.54,17.02,21.76,21.69,0.9,0.9296482412060302
2021-03-24,407.1,13.34,18.52,22.84,22.71,1.147,0.9512195121951219
2021-03-23,408.71,13.65,18.84,23.28,23.19,1.502,0.9292452830188679
2021-03-22,412.64,14.17,19.13,23.81,23.7,1.232,0.9493087557603688
2021-03-19,412.91,14.36,18.81,23.69,23.61,1.168,0.814655172413793
2021-03-18,417.06,14.58,17.38,22.69,22.69,0.438,0.9852216748768473
2021-03-17,414.01,15.28,19.21,24.55,24.53,1.282,0.8927038626609443
2021-03-16,417.31,15.28,18.84,24.26,24.28,0.9,0.959641255605381
2021-03-15,414.18,15.74,20.62,25.94,25.9,1.066,0.868
2021-03-12,416.13,15.73,20.22,25.62,25.64,1.174,0.9135802469135802
2021-03-11,411.02,15.91,21.13,26.46,26.45,0.574,1.02991452991453
2021-03-10,403.48,17.27,23.04,28.8,28.85,1.342,0.9087452471482889
2021-03-09,405.79,17.33,24.27,29.82,29.78,1.257,0.7710144927536232
2021-03-08,408.34,17.43,23.88,29.56,29.48,1.339,0.8867313915857605
2021-03-05,412.0,16.36,24.17,29.19,29.09,1.042,0.8428571428571429
2021-03-04,414.17,17.61,23.81,29.62,29.5,1.173,0.8233333333333334
2021-03-03,420.27,16.06,23.32,28.33,28.31,0.917,0.8292682926829269
2021-03-02,414.8,17.5,25.74,31.13,30.97,0.542,0.94
2021-02-26,409.91,17.95,25.97,31.58,31.34,2.047,0.9344827586206897
2021-02-25,422.52,17.93,21.52,28.01,27.92,0.647,0.9604743083003953
2021-02-24,407.16,16.58,23.91,29.11,28.93,1.246,0.935361216730038
2021-02-23,415.82,15.77,22.2,27.25,27.16,1.045,0.9385245901639344
2021-02-22,416.88,16.45,22.33,27.75,27.64,1.187,0.9236947791164659
2021-02-19,420.94,16.14,21.5,26.9,26.86,1.225,0.9545454545454546
2021-02-18,417.44,15.43,21.07,26.12,26.1,1.129,0.9152542372881356
2021-02-17,424.2,15.64,20.11,25.48,25.58,1.459,0.8865546218487396
2021-02-16,429.24,15.29,19.52,24.8,25.08,0.92,0.8734177215189873
2021-02-15,427.01,15.44,20.83,25.94,26.22,1.15,0.9268292682926829
2021-02-10,419.65,15.94,20.75,26.18,26.43,0.912,1.0822510822510822
2021-02-09,417.91,15.02,20.0,25.02,25.21,0.88,0.8611111111111112
2021-02-08,418.95,15.68,22.14,27.15,27.33,1.394,0.9566929133858268
2021-02-05,423.3,16.89,22.97,28.51,28.65,1.046,0.892430278884462
2021-02-04,418.31,18.38,26.34,32.13,32.06,1.551,0.8478964401294499
2021-02-03,425.21,17.79,25.52,31.11,31.29,0.911,0.9789473684210526
2021-02-02,421.03,19.34,27.12,33.32,33.4,0.771,1.0293159609120521
2021-02-01,415.45,20.47,27.47,34.26,34.16,0.972,0.9154518950437318
2021-01-29,404.56,20.1,29.9,36.04,35.73,1.99,0.9173789173789174
2021-01-28,416.4,18.88,27.32,33.22,33.09,1.297,0.7784256559766765
2021-01-27,423.67,17.77,23.25,29.27,29.41,1.044,0.9133574007220218
2021-01-26,426.73,,,,29.99,0.922,0.7725752508361204
2021-01-25,437.3,15.67,23.34,28.12,28.97,0.657,0.9361702127659575
2021-01-22,427.13,16.83,23.82,29.17,29.36,1.061,0.9492753623188405
2021-01-21,430.27,17.61,24.49,30.16,30.63,0.914,0.9421768707482994
2021-01-20,424.01,19.49,26.62,33.0,33.32,1.292,0.9589905362776024
2021-01-19,421.35,20.58,26.74,33.75,34.08,0.608,1.0474683544303798
2021-01-18,410.5,19.76,26.73,33.24,33.18,1.16,0.8855421686746987
2021-01-15,420.43,17.78,25.99,31.49,31.56,1.436,0.9013157894736842
2021-01-14,429.85,17.04,23.71,29.2,29.68,0.802,1.0852017937219731
2021-01-13,430.38,18.08,26.01,31.69,32.0,0.75,0.8095238095238094
2021-01-12,427.87,20.05,27.88,34.34,34.95,0.863,1.0253456221198156
2021-01-11,431.13,18.95,29.14,34.79,35.65,0.856,1.1682692307692308
2021-01-08,430.22,14.87,23.38,27.71,29.18,0.392,1.003472222222222
2021-01-07,410.81,16.07,20.97,26.44,26.75,0.585,1.0728744939271255
2021-01-06,402.08,16.36,22.19,27.57,27.6,0.975,1.105058365758755
2021-01-05,406.03,15.98,20.37,25.9,26.22,0.771,0.9182156133828997
2021-01-04,399.88,14.76,19.4,24.37,24.81,0.45,1.025531914893617
2020-12-30,389.29,12.99,17.55,21.84,22.09,0.409,0.93
2020-12-29,381.27,13.66,16.55,21.46,21.63,0.681,0.9090909090909091
2020-12-28,379.93,14.48,17.9,23.04,23.14,0.982,0.9395348837209302
2020-12-24,379.18,12.74,17.17,21.39,21.53,0.679,0.7864077669902911
2020-12-23,371.32,12.83,17.06,21.35,21.52,1.122,0.7298578199052133
2020-12-22,366.43,13.34,18.31,22.68,22.85,1.697,0.7612612612612613
2020-12-21,372.18,12.2,16.19,20.3,20.54,1.334,0.75
2020-12-18,371.55,11.13,15.68,19.26,19.57,0.968,0.7989690721649485
2020-12-17,372.0,11.62,15.67,19.53,19.85,1.033,0.797979797979798
2020-12-16,372.53,12.29,15.86,20.07,20.4,0.957,0.803921568627451
2020-12-15,370.88,13.15,16.28,20.93,21.27,0.961,0.7981220657276995
2020-12-14,371.56,13.44867270264215,16.04857137620586,20.944058116429844,21.25,1.232,0.7788018433179723
2020-12-11,372.24,12.422530710959684,15.16171779863723,19.600961000385162,19.85,0.853,0.8750000000000001
2020-12-10,369.37,12.894065035417803,15.011331760049822,19.812649500544786,20.03,0.733,0.7783251231527094
2020-12-09,371.47,12.12,15.91,20.03,20.15,0.472,0.82
2020-12-08,363.45,13.32,15.69,20.6,20.7,1.12,0.9949999999999999
2020-12-07,369.86,13.72,16.26,21.28,21.3,0.97,0.9532710280373832
2020-12-04,367.63,14.02,15.45,20.87,21.01,0.46,1.0508474576271187
2020-12-03,361.66,11.73,15.87,19.77,20.02,0.694,0.8691099476439791
2020-12-02,358.66,11.88,16.01,19.97,20.18,0.473,0.9296482412060302
2020-12-01,352.4,12.14,15.87,19.98,20.21,0.604,0.9
2020-11-30,346.05,12.31,16.45,20.55,20.77,1.451,1.1092896174863387
2020-11-27,352.73,11.99,15.29,19.43,19.66,0.828,0.9116022099447513
2020-11-26,352.12,11.78,15.89,19.78,20.0,0.768,0.8941798941798942
2020-11-25,348.3,12.3,16.49,20.59,20.82,1.133,0.918781725888325
2020-11-24,350.28,12.4,15.09,19.54,19.81,0.652,0.9100529100529101
2020-11-23,348.46,11.81,15.48,19.5,19.79,0.491,0.9308510638297872
2020-11-20,340.62,11.58,14.89,18.88,19.21,1.07,0.8715083798882682
2020-11-19,340.16,11.69,15.08,19.09,19.41,1.283,0.9322033898305085
2020-11-18,339.96,11.76,15.25,19.26,19.63,1.012,0.9285714285714285
2020-11-17,339.85,12.08,15.1,19.34,19.72,0.893,0.9887005649717514
2020-11-16,340.63,12.62,15.66,20.12,20.5,0.563,0.883248730964467
2020-11-13,333.03,12.03,15.07,19.29,19.77,0.892,0.9550561797752809
2020-11-12,329.72,11.5,15.57,19.36,19.85,0.792,0.9230769230769231
2020-11-11,331.12,13.09,15.28,20.16,20.68,0.515,0.9944751381215469
2020-11-10,326.13,12.99,15.8,20.48,21.02,1.022,0.9595959595959596
2020-11-09,325.83,13.16,16.47,21.1,21.58,0.442,0.9455445544554456
2020-11-06,322.1,11.75,17.81,21.35,21.74,0.788,0.8393782383419689
2020-11-05,321.51,12.62,17.76,21.8,22.16,0.661,0.7222222222222222
2020-11-04,313.83,12.49,21.01,24.47,24.75,1.257,0.8372093023255814
2020-11-03,312.07,13.6,22.43,26.24,26.54,0.765,0.8535714285714285
2020-11-02,305.95,15.44,23.78,28.36,28.65,1.21,0.8225255972696246
2020-10-30,301.6,15.94,27.41,31.73,31.97,2.056,0.9066666666666666
2020-10-29,309.94,13.65,21.68,25.63,25.9,1.6,0.8196078431372549
2020-10-28,313.17,13.43,18.58,22.95,23.29,0.993,0.882882882882883
2020-10-27,311.8,12.91,19.34,23.28,23.58,1.263,0.8193832599118943
2020-10-26,313.53,12.69,18.67,22.61,22.94,1.062,0.9052132701421801
2020-10-23,314.79,12.3,17.68,21.54,21.9,0.98,0.9390862944162437
2020-10-22,313.77,12.66,18.12,22.15,22.54,1.124,0.8857142857142858
2020-10-21,315.76,13.03,17.05,21.49,21.88,0.862,0.9257425742574258
2020-10-20,314.71,12.51,17.86,21.81,22.18,0.977,0.9313725490196079
2020-10-19,312.59,12.75,18.07,22.12,22.51,0.938,0.8738317757009346
2020-10-16,311.83,12.22,17.8,21.6,22.03,1.307,0.9359605911330049
2020-10-15,313.92,12.89,16.49,20.97,21.47,1.17,0.855072463768116
2020-10-14,316.57,11.34,17.0,20.48,20.97,1.38,0.8756218905472637
2020-10-13,319.58,11.09,16.38,19.82,20.34,1.231,0.8407960199004973
2020-10-12,319.15,11.419660974076562,16.249365641012183,19.872277023908623,20.36,1.036,0.9424083769633507
2020-10-08,317.47,12.516981988764414,16.414747346264114,20.649168786029318,21.0,0.879,0.9896373056994819
2020-10-07,317.35,12.49,17.19,21.25,21.55,0.802,1.0
2020-10-06,314.45,12.5,18.16,22.05,22.29,0.944,0.9014778325123153
2020-10-05,313.51,14.38,18.76,23.68,23.87,0.616,0.9417040358744394
2020-09-29,309.44,13.51,19.84,24.0,24.15,0.912,0.9132653061224488
2020-09-28,307.03,14.11,20.5,24.89,25.01,0.92,0.9609756097560975
2020-09-25,303.57,15.2,21.1,26.02,26.13,1.366,0.9324324324324325
2020-09-24,302.48,14.81,22.71,27.14,27.21,1.772,0.8658536585365854
2020-09-23,309.64,14.39,19.84,24.53,24.64,1.48,0.9345794392523366
2020-09-22,308.82,14.34,20.53,25.04,25.2,1.752,0.8412017167381974
2020-09-21,315.89,13.62,18.69,23.13,23.31,1.153,0.9261083743842364
2020-09-18,318.39,12.89,16.99,21.35,21.59,1.139,0.9834254143646408
2020-09-17,318.0,12.42,18.25,22.08,22.31,1.76,0.8398058252427184
2020-09-16,322.31,11.55,17.24,20.79,21.05,0.905,0.8789473684210526
2020-09-15,323.36,12.12,16.74,20.67,20.97,0.776,0.8608247422680413
2020-09-14,320.98,12.48,16.85,20.97,21.28,0.725,0.8826530612244897
2020-09-11,316.45,12.87,16.93,21.29,21.68,1.229,0.9230769230769231
2020-09-10,316.53,12.78,17.58,21.75,22.14,0.758,0.8905472636815919
2020-09-09,313.77,13.83,19.87,24.22,24.73,1.081,0.8142292490118578
2020-09-08,317.38,13.16,19.42,23.47,23.87,0.809,0.8798283261802575
2020-09-07,313.67,14.77,20.82,25.53,25.85,1.06,0.8154981549815499
2020-09-04,312.03,15.96,22.49,27.6,27.83,1.237,0.7323943661971831
2020-09-03,316.43,15.0,20.0,25.02,25.3,0.62,0.8242677824267782
2020-09-02,311.5,15.45,20.9,26.02,26.26,1.139,0.9214876033057852
2020-09-01,309.81,15.18,22.83,27.42,27.59,0.913,0.9691119691119692
2020-08-31,307.14,15.08,23.09,27.59,27.77,1.496,0.8659420289855071
2020-08-28,312.24,14.49,21.83,26.21,26.4,0.963,0.9832635983263599
2020-08-27,311.38,15.35,22.24,27.06,27.22,1.256,0.8296296296296296
2020-08-26,314.19,14.33,20.75,25.23,25.44,1.25,0.875
2020-08-25,313.59,13.94,20.0,24.4,24.63,0.841,0.9692982456140351
2020-08-24,309.33,15.56,21.14,26.26,26.44,0.881,1.0464135021097047
2020-08-21,306.16,14.27,22.58,26.71,26.89,0.92,0.9876543209876543
2020-08-20,301.59,15.39,23.34,27.97,28.18,2.025,0.9038461538461539
2020-08-19,313.54,14.17,19.47,24.1,24.38,1.276,0.9013452914798207
2020-08-18,312.84,14.2,20.48,24.92,25.21,1.306,0.937219730941704
2020-08-14,319.24,12.35,18.46,22.25,22.58,1.075,0.873170731707317
2020-08-13,323.33,13.1,17.37,21.77,22.12,0.649,0.9137055837563453
2020-08-12,322.68,12.93,18.46,22.53,22.86,0.782,0.868020304568528
2020-08-11,321.02,13.8,17.91,22.63,22.98,0.405,0.905829596412556
2020-08-10,316.77,13.11,18.44,22.64,22.94,0.492,0.9732142857142858
2020-08-07,312.57,12.83,17.57,21.76,22.07,0.878,0.8142857142857144
2020-08-06,311.32,14.01,16.56,21.74,22.06,0.428,0.9554455445544555
2020-08-05,306.64,12.24,17.38,21.28,21.58,0.639,0.9289340101522844
2020-08-04,303.04,13.22,17.79,22.17,22.42,0.665,0.908653846153846
2020-08-03,299.46,12.79,19.47,23.31,23.52,1.174,0.8705357142857143
2020-07-31,299.32,12.99,19.43,23.38,23.57,1.129,0.9333333333333333
2020-07-30,301.85,12.58,18.9,22.72,22.91,0.862,0.908653846153846
2020-07-29,301.25,14.17,18.2,23.11,23.33,0.64,0.9162790697674418
2020-07-28,300.13,12.69,18.81,22.7,22.92,0.565,0.8
2020-07-27,293.51,13.06,18.55,22.71,22.96,0.719,0.97
2020-07-24,290.66,12.74,18.18,22.21,22.5,1.128,0.8663366336633663
2020-07-23,292.37,11.78,17.01,20.7,21.0,1.447,0.8691099476439791
2020-07-22,294.04,11.49,16.98,20.52,20.82,0.828,0.9398907103825136
2020-07-21,295.16,12.34,16.69,20.76,21.09,0.641,0.88659793814433
2020-07-20,290.81,13.21,17.61,22.04,22.37,0.989,0.9104477611940298
2020-07-17,291.57,12.15,18.32,22.0,22.34,0.921,0.9253731343283582
2020-07-16,289.25,12.65,19.35,23.14,23.48,1.101,0.9009433962264152
2020-07-15,292.27,13.57,18.92,23.28,23.63,0.615,0.9431279620853079
2020-07-14,289.63,13.54,19.88,24.06,24.45,1.059,0.9144144144144145
2020-07-13,289.84,13.462841697077469,18.977530544392458,23.26808424222026,23.63,0.777,0.9255813953488371
2020-07-10,285.06,13.603829159739067,20.49564065269976,24.603385627609516,24.83,1.363,0.8728070175438596
2020-07-09,287.25,13.872851828156508,18.55520297699409,23.16803329951987,23.38,0.684,0.995169082125604
2020-07-08,285.97,13.26,21.07,24.93,25.04,1.157,1.0142857142857142
2020-07-07,286.77,14.03,20.37,24.74,24.85,1.001,1.1592039800995024
2020-07-06,290.62,14.0,19.49,24.01,24.02,0.566,0.9069767441860465
2020-07-03,285.89,14.26,20.06,24.65,24.78,0.827,1.0188679245283019
2020-07-02,283.86,15.35,22.63,27.36,27.45,1.098,0.8370370370370371
2020-07-01,280.26,16.0,25.22,29.87,29.9,1.257,0.880701754385965
2020-06-30,280.09,16.94,26.02,31.06,31.07,0.991,1.0433212996389891
2020-06-29,278.04,17.46,28.71,33.62,33.58,1.369,1.0
2020-06-26,283.38,16.3,25.9,30.6,30.56,1.005,0.8736842105263157
2020-06-25,279.73,18.31,27.46,33.05,33.12,1.414,0.8778135048231511
2020-06-24,286.7,16.51,25.32,30.26,30.2,0.577,0.9597069597069596
2020-06-23,281.94,16.32,27.28,31.8,31.73,1.207,0.9928571428571429
2020-06-22,281.42,18.69,28.48,34.08,34.03,1.042,0.8878504672897196
2020-06-19,283.37,18.26,28.74,34.05,34.04,1.178,0.9260450160771704
2020-06-18,281.91,19.93,31.57,37.35,37.3,1.281,1.0
2020-06-17,283.02,19.43,31.58,37.08,37.05,1.293,0.9205882352941177
2020-06-16,282.59,19.72,29.85,35.79,35.9,0.829,0.7863247863247863
2020-06-15,267.95,20.53,33.31,39.16,39.69,1.592,0.8057742782152231
2020-06-12,281.78,16.9,27.89,32.66,32.88,1.542,0.7341772151898733
2020-06-11,288.62,15.74,21.34,26.55,26.79,1.28,0.7695312499999999
2020-06-10,291.9,15.87,20.27,25.75,26.06,0.698,0.913978494623656
2020-06-09,291.32,16.09,20.72,26.23,26.53,1.016,0.9207920792079207
2020-06-08,290.77,16.63,21.53,27.2,27.4,0.874,1.0031746031746032
2020-06-05,290.62,15.69,19.7,25.2,25.45,0.605,1.153846153846154
2020-06-04,286.45,15.48,20.16,25.45,25.69,0.873,0.9568345323741008
2020-06-03,285.91,15.44,20.32,25.53,25.74,0.388,0.98828125
2020-06-02,276.08,13.87,20.42,24.69,25.0,0.606,0.8339920948616601
2020-06-01,273.19,13.64,20.49,24.62,24.94,0.657,0.8685258964143426
2020-05-29,268.32,12.97,21.74,25.32,25.64,1.104,0.7121212121212122
2020-05-28,268.29,13.63,21.19,25.2,25.24,0.903,0.8734177215189873
2020-05-27,267.64,12.5,20.94,24.4,24.47,0.721,0.8076923076923077
2020-05-26,267.31,13.07,19.71,23.69,23.8,0.585,0.7878787878787878
2020-05-25,262.76,13.14,21.47,25.18,25.27,1.09,0.8874458874458874
2020-05-22,259.62,13.78,23.99,27.71,27.74,1.619,0.7576923076923077
2020-05-21,263.74,13.36,19.19,23.41,23.57,0.785,0.8513513513513513
2020-05-20,262.72,13.27,20.87,24.75,24.85,0.755,0.8354430379746836
2020-05-19,261.79,13.62,20.84,24.92,25.0,0.823,0.8995633187772927
2020-05-18,255.44,15.19,22.18,26.91,27.04,1.108,0.9369747899159664
2020-05-15,253.79,14.88,22.19,26.75,26.96,1.454,0.8612244897959185
2020-05-14,253.65,13.92,22.63,26.57,26.79,1.174,0.7499999999999999
2020-05-13,255.85,14.21,20.85,25.25,25.75,0.81,0.9527896995708154
2020-05-12,253.37,14.51,23.23,27.39,27.79,1.656,0.8222996515679443
2020-05-11,254.95,14.41,25.21,29.06,29.33,1.367,0.8111888111888111
2020-05-08,256.62,14.35,24.78,28.67,28.77,0.844,0.8705882352941177
2020-05-07,254.46,15.44,27.19,31.3,31.31,1.044,0.7952218430034129
2020-05-06,255.0,16.71,27.08,31.83,31.81,1.409,0.9236111111111112
2020-05-04,250.6,18.78,31.13,36.36,36.36,1.788,0.7891737891737891
2020-04-29,258.15,16.28,25.93,30.63,30.51,0.876,0.8409090909090909
2020-04-28,256.39,17.67,27.56,32.76,32.64,1.275,0.8206896551724138
2020-04-27,254.84,18.09,30.35,35.33,35.15,0.982,0.8677419354838709
2020-04-24,250.28,18.91,32.49,37.6,37.54,1.465,0.8141592920353983
2020-04-23,253.74,18.26,29.43,34.65,34.46,0.987,0.9593220338983051
2020-04-22,251.88,20.1,30.63,36.67,36.55,1.354,0.8338192419825075
2020-04-21,249.4,18.06,31.81,36.63,36.53,2.036,0.8580060422960725
2020-04-20,252.14,17.33,28.42,33.34,33.29,1.37,0.861842105263158
2020-04-17,255.02,16.93,26.56,31.5,31.44,0.827,0.897887323943662
2020-04-16,247.1,18.44,29.52,34.8,34.82,1.421,0.9543973941368079
2020-04-14,247.45,18.66,30.7,35.93,36.04,1.167,0.8854489164086689
2020-04-13,243.4,21.027393429722782,33.56911442879571,39.61107065678096,39.69,1.438,0.8465753424657534
2020-04-10,248.0,18.713403913729426,30.747228198322407,35.996127673995765,35.84,1.089,0.8493975903614457
2020-04-09,245.61,19.56893768832977,29.88459480863109,35.72165564089447,35.55,0.988,0.8986928104575163
2020-04-08,241.89,21.25,34.24,40.31,40.05,1.046,0.9351620947630922
2020-04-07,244.87,20.67,30.25,36.64,36.14,0.996,0.9877450980392157
2020-04-06,240.81,22.61,31.82,39.04,38.26,0.777,0.9020833333333332
2020-04-03,231.7,23.92,38.3,45.17,45.34,1.332,0.9434782608695652
2020-04-02,231.84,26.56,38.59,46.88,47.24,1.254,0.946058091286307
2020-04-01,226.35,27.39,40.82,49.16,50.0,1.686,0.8513274336283186
2020-03-31,236.82,26.82,40.49,48.58,48.55,1.323,0.8875968992248061
2020-03-30,232.45,30.67,44.97,54.44,54.83,1.145,0.8090225563909774
2020-03-27,233.79,30.0,45.47,54.49,54.62,1.356,1.039855072463768
2020-03-26,229.34,31.05,41.92,52.17,52.76,1.097,0.9292929292929294
2020-03-25,232.89,28.33,40.29,49.25,49.32,0.773,0.9866156787762907
2020-03-24,220.34,32.51,41.35,52.6,53.78,0.808,1.0181488203266789
2020-03-23,201.87,36.38,45.08,57.95,62.5,1.955,0.8648275862068966
2020-03-20,213.67,37.21,42.59,56.58,60.73,1.835,1.1941391941391941
2020-03-19,199.28,44.63,48.26,65.74,69.24,2.706,0.9383647798742137
2020-03-18,215.83,37.74,45.16,58.88,62.8,2.283,0.7841059602649006
2020-03-17,226.89,41.07,47.34,62.67,64.49,2.233,0.8739495798319327
2020-03-16,232.97,40.08,45.81,60.87,64.56,1.98,0.8298755186721992
2020-03-13,240.65,35.06,40.09,53.28,53.86,2.453,1.0162162162162163
2020-03-12,247.62,27.31,32.01,42.11,43.07,2.433,0.7464212678936606
2020-03-11,257.01,22.0,31.48,38.44,37.6,1.987,0.8596059113300492
2020-03-10,264.67,20.62,28.88,35.49,34.8,1.327,0.9815242494226328
2020-03-09,263.11,21.85,29.72,36.89,36.21,2.786,0.8085106382978723
2020-03-06,275.1,15.73,23.14,27.99,27.47,1.828,0.7583081570996979
2020-03-05,281.38,14.75,18.86,23.97,23.66,1.018,0.8339768339768341
2020-03-04,278.13,16.06,22.08,27.31,26.76,1.035,0.882943143812709
2020-03-03,271.56,16.68,25.2,30.23,29.49,1.555,0.963076923076923
2020-03-02,270.37,19.81,27.05,33.53,32.66,1.528,0.9595687331536388
2020-02-28,268.02,20.96,27.53,34.61,33.81,2.056,0.8992248062015502
2020-02-27,277.09,15.97,22.29,27.42,26.84,1.676,0.9614035087719298
2020-02-26,279.94,15.12,20.64,25.59,25.1,1.429,0.8996282527881041
2020-02-25,284.24,13.23,18.89,23.09,22.72,1.397,0.9369747899159664
2020-02-24,281.02,14.35,19.22,24.03,23.65,2.234,0.9224489795918368
2020-02-21,292.42,11.49,16.35,19.99,19.8,1.506,0.8067632850241546
2020-02-20,296.65,11.07,14.61,18.34,18.24,1.378,1.0
2020-02-19,298.33,12.04,13.65,18.25,18.19,1.23,0.9444444444444444
2020-02-18,297.74,11.56,14.19,18.31,18.25,1.487,0.901098901098901
2020-02-17,302.76,11.13,13.02,17.14,17.16,0.839,0.9235294117647058
2020-02-14,303.01,10.98,12.61,16.75,16.85,0.76,0.9329268292682928
2020-02-13,300.93,10.32,12.94,16.56,16.68,0.754,0.8224852071005918
2020-02-12,301.54,10.14,13.37,16.79,16.95,0.722,0.8860103626943006
2020-02-11,299.28,11.24,14.14,18.06,18.16,0.578,0.9665071770334929
2020-02-10,296.24,10.26,15.0,18.21,18.22,1.165,0.8608695652173913
2020-02-07,298.21,10.96,13.65,17.52,17.53,1.207,0.8010204081632653
2020-02-06,300.65,9.8,14.84,17.85,17.81,0.579,0.9137055837563453
2020-02-05,292.02,10.48,14.83,18.21,18.23,1.266,0.8476190476190476
2020-02-04,290.68,11.62,14.31,18.47,18.39,0.814,0.9261083743842364
2020-02-03,285.05,11.54,15.62,19.43,19.32,1.475,0.8416289592760181
2020-01-31,284.53,11.15,15.97,19.48,19.29,1.54,0.9057591623036649
2020-01-30,288.37,11.23,14.72,18.53,18.38,2.291,0.7828282828282828
2020-01-29,293.98,9.63,14.04,17.06,16.99,1.19,0.8636363636363635
2020-01-28,292.77,11.62,14.31,18.44,18.32,2.601,0.9057591623036649
2020-01-23,302.33,9.68,11.73,15.21,15.3,1.634,0.9403973509933775
2020-01-22,306.08,8.3,11.42,14.16,14.29,0.738,0.9571428571428572
2020-01-21,302.11,8.57,11.4,14.28,14.41,1.489,0.8413793103448275
2020-01-20,305.58,9.22,9.68,13.42,13.64,0.752,0.9767441860465116
2020-01-17,303.3,8.9,9.82,13.31,13.6,0.955,0.924812030075188
2020-01-16,302.78,8.86,9.85,13.25,13.58,0.819,0.9111111111111112
2020-01-15,299.74,8.41,9.89,12.99,13.37,1.391,0.9242424242424242
2020-01-14,301.53,7.91,10.29,13.01,13.41,0.749,0.9318181818181819
2020-01-13,300.13,8.717591330790366,9.459474876238108,12.87239392589491,13.26,0.75,0.9389312977099238
2020-01-10,297.06,8.13826701471191,9.537497520903134,12.538237971108751,12.81,0.913,0.9359999999999999
2020-01-09,294.41,8.690766097330126,10.195060816070916,13.399175289608904,13.58,0.837,0.9545454545454546
2020-01-08,289.42,9.7,12.79,16.06,15.97,1.272,0.8071065989847717
2020-01-07,291.23,9.22,11.97,15.13,15.08,0.672,1.0061349693251533
2020-01-06,288.43,9.29,13.14,16.14,15.88,1.336,0.893048128342246
2020-01-03,290.74,10.93,11.6,15.99,15.88,1.192,0.9047619047619047
2020-01-02,290.35,10.48,11.37,15.48,15.4,1.56,0.8834355828220859
2019-12-30,293.77,9.47,11.36,14.8,14.69,0.93,1.1093749999999998
2019-12-27,295.2,10.03,10.09,14.26,14.13,0.62,1.084033613445378
2019-12-26,294.06,9.95,10.15,14.24,14.15,0.979,1.146551724137931
2019-12-24,292.9,8.58,10.83,13.86,13.81,1.2,0.9916666666666667
2019-12-23,294.87,9.15,10.51,14.0,13.97,0.971,1.057377049180328
2019-12-20,295.31,7.82,10.32,13.0,13.08,0.948,1.0
2019-12-19,294.31,8.39,9.99,13.09,13.2,0.918,1.0782608695652174
2019-12-18,294.22,8.71,9.41,12.85,13.01,0.901,1.0170940170940173
2019-12-17,294.4,8.43,9.67,12.87,13.05,0.624,1.0338983050847457
2019-12-16,289.76,7.83,10.4,13.07,13.27,0.9,1.103448275862069
2019-12-13,290.11,8.01,10.01,12.83,13.12,0.658,1.1327433628318584
2019-12-12,285.11,7.8,10.46,13.06,13.39,0.534,1.0588235294117647
2019-12-11,280.28,8.04,10.03,12.86,13.4,0.779,1.1705426356589146
2019-12-10,279.31,8.79,9.26,12.82,13.33,0.942,0.9403973509933775
2019-12-09,278.03,8.03,10.49,13.22,13.61,0.787,0.839080459770115
2019-12-06,276.56,8.99,10.1,13.56,13.91,0.705,0.9463087248322147
2019-12-05,273.3,9.26,10.85,14.27,14.55,1.337,1.152777777777778
2019-12-04,274.15,9.49,10.35,14.1,14.37,1.425,1.0486111111111112
2019-12-03,276.19,8.72,10.91,14.0,14.26,1.339,0.8888888888888888
2019-12-02,277.44,8.16,10.99,13.71,13.96,1.096,0.986111111111111
2019-11-29,276.78,8.03,11.12,13.76,13.96,1.782,1.0859375
2019-11-28,281.23,8.9,10.17,13.55,13.77,1.219,1.0703124999999998
2019-11-27,282.85,8.5,10.65,13.64,13.85,1.247,0.9285714285714286
2019-11-26,281.83,8.72,10.99,14.04,14.21,0.914,1.1984126984126984
2019-11-25,282.19,8.36,10.84,13.72,13.91,0.768,1.0150375939849623
2019-11-22,279.43,9.04,10.23,13.66,13.88,1.077,0.9776119402985074
2019-11-21,278.28,9.28,10.87,14.32,14.52,1.782,0.8904109589041096
2019-11-20,282.21,8.6,10.9,13.89,14.11,1.484,0.9632352941176471
2019-11-19,286.23,8.92,9.7,13.24,13.52,1.116,0.8823529411764706
2019-11-18,287.18,8.53,9.85,13.05,13.34,1.209,0.9230769230769231
2019-11-15,287.29,8.16,9.8,12.77,13.11,0.75,0.9840000000000001
2019-11-14,283.93,7.47,10.65,13.07,13.42,0.806,0.8666666666666666
2019-11-13,281.28,7.91,10.82,13.43,13.85,1.411,1.0588235294117647
2019-11-12,283.65,7.59,10.8,13.25,13.65,0.941,0.9072847682119205
2019-11-11,280.85,9.4,10.13,13.88,14.21,1.273,0.8846153846153847
2019-11-08,283.13,9.14,9.85,13.49,13.79,1.131,0.9230769230769231
2019-11-07,284.37,8.15,10.79,13.53,13.78,0.924,0.8623188405797101
2019-11-06,284.52,8.4,10.75,13.65,13.89,0.678,0.881118881118881
2019-11-05,284.38,7.85,10.55,13.16,13.42,0.758,0.8214285714285714
2019-11-04,282.54,8.57,9.79,13.02,13.32,0.62,0.9534883720930233
2019-11-01,278.43,7.41,10.52,12.94,13.22,0.923,0.8692307692307693
2019-10-31,275.82,7.77,10.7,13.31,13.59,1.078,0.937984496124031
2019-10-30,275.51,8.9,10.22,13.57,13.85,1.46,0.8633093525179856
2019-10-29,277.55,8.55,10.02,13.18,13.48,0.966,0.900763358778626
2019-10-28,277.78,8.97,9.77,13.31,13.64,0.776,0.9765625
2019-10-25,277.07,8.03,10.31,13.07,13.42,1.036,0.8787878787878788
2019-10-24,276.7,7.91,10.1,12.83,13.2,1.044,1.0
2019-10-23,276.23,7.27,10.54,12.86,13.22,1.348,0.9126984126984127
2019-10-22,277.41,8.23,9.65,12.7,13.09,0.675,0.9672131147540984
2019-10-21,273.79,7.78,10.94,13.46,13.84,1.108,0.9548872180451127
2019-10-18,272.81,8.82,10.02,13.37,13.85,1.283,0.9318181818181819
2019-10-17,275.57,8.46,9.6,12.82,13.34,1.111,0.8787878787878788
2019-10-16,276.32,7.48,10.37,12.83,13.27,0.911,0.937984496124031
2019-10-15,274.34,8.59,10.2,13.34,13.8,0.905,1.0
2019-10-14,274.23,8.509968276587427,11.026631030256432,13.939951902668641,14.3,0.836,0.9285714285714286
2019-10-11,271.3,8.786987570791627,11.719773378619733,14.659889398897546,14.84,0.881,0.9788732394366197
2019-10-10,268.8,9.354422678090586,12.450798843241666,15.573413320454568,15.63,1.059,1.063380281690141
2019-10-08,271.36,8.81,12.6,15.4,15.37,0.821,0.8986486486486487
2019-10-07,267.67,10.23,12.79,16.41,16.25,1.297,0.9649122807017543
2019-10-04,267.39,9.51,13.5,16.52,16.31,1.118,0.7499999999999999
2019-10-02,268.55,8.45,13.44,15.95,15.86,1.548,0.7730061349693251
2019-10-01,274.42,8.81,12.03,14.92,14.89,0.797,0.9054054054054054
2019-09-30,273.55,8.48,12.58,15.24,15.15,0.88,0.8552631578947368
2019-09-27,271.33,8.64,12.11,14.93,14.85,1.441,0.8297872340425532
2019-09-26,274.89,8.82,12.28,15.13,15.06,1.023,0.923076923076923
2019-09-25,274.42,8.96,12.86,15.71,15.62,1.198,0.9411764705882353
2019-09-24,277.97,9.32,11.38,14.72,14.69,0.766,0.9784172661870503
2019-09-23,276.65,8.23,12.14,14.73,14.7,0.894,0.9571428571428572
2019-09-20,276.44,9.41,10.25,13.99,14.08,0.857,0.917910447761194
2019-09-19,274.92,8.37,11.42,14.17,14.26,0.805,0.905109489051095
2019-09-18,273.06,9.33,11.3,14.66,14.76,0.975,0.9500000000000001
2019-09-17,271.68,9.22,11.07,14.49,14.63,0.983,0.9078014184397164
2019-09-16,272.02,8.55,11.32,14.25,14.41,1.019,0.8992805755395683
2019-09-11,270.84,8.53,9.93,13.11,13.5,0.735,0.9523809523809524
2019-09-10,268.76,8.8,9.41,12.94,13.43,0.78,0.9668874172185431
2019-09-09,267.4,8.68,11.02,14.03,14.37,0.738,1.0506329113924051
2019-09-06,265.53,9.1,11.06,14.33,14.54,0.926,0.9637681159420289
2019-09-05,264.44,8.57,12.08,14.84,15.07,0.612,0.9793103448275862
2019-09-04,261.69,8.76,13.06,15.78,15.97,0.793,0.943502824858757
2019-09-03,258.25,10.03,12.9,16.35,16.53,1.134,0.8229166666666667
2019-09-02,259.08,10.21,12.18,15.95,16.15,0.922,0.9314285714285715
2019-08-30,259.0,9.73,12.11,15.59,15.75,0.766,0.8765432098765432
2019-08-29,254.31,8.88,14.1,16.72,16.81,1.27,0.8314606741573034
2019-08-28,255.53,9.98,12.9,16.32,16.46,0.905,0.893491124260355
2019-08-27,253.5,9.71,13.35,16.53,16.66,1.137,0.9161676646706588
2019-08-26,252.19,9.88,14.12,17.24,17.33,1.484,0.92090395480226
2019-08-23,256.11,9.21,12.17,15.33,15.55,1.042,0.9166666666666667
2019-08-22,256.28,9.03,11.88,14.99,15.23,1.249,0.9060402684563759
2019-08-21,258.38,9.65,11.32,14.91,15.18,0.95,0.8874172185430464
2019-08-20,258.05,9.09,11.55,14.71,14.99,0.882,0.8366013071895425
2019-08-19,255.11,9.91,12.76,16.18,16.41,1.071,0.9556962025316456
2019-08-16,253.9,9.32,13.98,16.85,17.06,1.365,0.8705882352941177
2019-08-14,254.86,9.15,12.83,15.76,16.09,1.126,0.8896103896103895
2019-08-13,252.83,9.46,14.06,16.95,17.25,1.705,0.7388888888888889
2019-08-12,255.35,9.17,11.7,14.88,15.34,1.295,0.8609271523178809
2019-08-09,254.85,9.225128992632206,12.659664559990746,15.666694839223291,15.91,1.127,0.8954248366013071
2019-08-08,252.4,10.498519494162574,12.341727142693273,16.26592158688952,16.47,1.271,0.9463087248322147
2019-08-07,252.0,11.17,15.8,19.35,19.24,1.728,1.2586206896551724
2019-08-06,253.41,12.77,16.5,20.92,20.62,1.555,0.8833333333333333
2019-08-05,257.19,10.51,16.34,19.45,19.08,2.416,0.7782258064516129
2019-08-02,262.99,9.87,12.45,15.92,16.01,1.806,0.8522727272727272
2019-08-01,265.73,9.88,11.3,15.08,15.22,1.225,0.8848484848484848
2019-07-31,266.34,8.65,12.49,15.22,15.29,1.674,0.9325153374233128
2019-07-30,268.95,8.42,12.26,14.91,14.96,1.179,0.8819875776397514
2019-07-29,267.75,9.74,11.38,15.01,15.08,1.812,0.9736842105263159
2019-07-26,272.25,8.68,11.32,14.26,14.34,1.318,0.8666666666666667
2019-07-25,273.04,9.21,10.47,14.0,14.09,1.196,0.9361702127659575
2019-07-24,273.22,8.07,10.97,13.69,13.75,1.227,0.9541984732824428
2019-07-23,275.92,7.78,10.42,13.07,13.16,0.791,0.875968992248062
2019-07-22,274.55,8.33,10.73,13.59,13.67,0.963,0.8970588235294117
2019-07-19,274.55,7.91,10.28,12.98,13.11,0.681,0.8837209302325582
2019-07-18,270.67,9.02,10.28,13.72,13.8,1.319,0.8633093525179856
2019-07-17,271.48,7.19,10.71,12.96,13.04,1.707,0.8320610687022901
2019-07-16,274.05,7.2,10.11,12.45,12.57,1.091,0.8861788617886178
2019-07-15,272.64,8.44,9.7,12.88,13.03,1.229,0.9440000000000001
2019-07-12,272.68,8.14,9.49,12.52,12.81,1.039,0.912
2019-07-11,271.78,8.17,11.08,13.77,13.96,0.71,0.9328358208955224
2019-07-10,268.75,7.95,11.92,14.37,14.63,1.171,0.9101123595505617
2019-07-09,267.72,8.68,11.2,14.17,14.43,1.462,0.7395833333333334
2019-07-08,268.55,7.81,11.88,14.3,14.48,1.91,0.8603351955307263
2019-07-05,274.35,7.85,10.3,12.96,13.16,1.07,0.8484848484848485
2019-07-04,274.54,8.26,9.96,12.94,13.15,0.978,0.9840000000000001
2019-07-03,272.37,8.45,10.33,13.34,13.5,1.632,0.8421052631578947
2019-07-02,275.97,7.85,10.67,13.31,13.41,1.039,0.9606299212598425
2019-07-01,277.27,9.06,10.61,13.96,14.03,1.078,0.9370629370629371
2019-06-28,277.5,9.37,10.97,14.43,14.43,1.015,0.9183673469387755
2019-06-27,277.75,9.51,10.05,13.89,13.94,0.76,1.0378787878787878
2019-06-26,275.53,8.98,10.79,14.04,14.05,1.09,0.9558823529411765
2019-06-25,275.28,8.65,11.09,14.07,14.09,1.016,0.8671328671328671
2019-06-24,275.58,9.01,10.68,13.97,13.99,1.089,0.9411764705882354
2019-06-21,275.48,8.67,10.64,13.73,13.77,1.169,0.9242424242424242
2019-06-20,276.01,9.09,10.11,13.61,13.67,0.852,0.9097744360902255
2019-06-19,275.31,8.65,11.46,14.39,14.4,0.701,0.8175675675675675
2019-06-18,271.36,9.88,10.49,14.47,14.54,0.919,0.9500000000000001
2019-06-17,270.09,9.1,11.43,14.62,14.68,1.03,0.9241379310344828
2019-06-14,270.48,8.51,11.38,14.24,14.4,1.05,0.8053691275167785
2019-06-13,271.13,8.49,11.99,14.76,14.89,1.016,0.6686746987951806
2019-06-12,272.74,8.39,12.07,14.73,14.96,0.996,0.6966292134831461
2019-06-11,273.21,9.54,11.07,14.62,14.85,0.637,0.8787878787878788
2019-06-10,272.1,8.38,12.12,14.82,14.94,0.721,0.7653631284916201
2019-06-07,268.27,9.69,12.48,15.8,15.79,0.854,0.7245508982035929
2019-06-05,267.99,10.17,13.03,16.53,16.46,1.004,0.8902439024390244
2019-06-04,267.66,10.16,14.37,17.62,17.4,1.137,0.776595744680851
2019-06-03,268.16,10.74,13.87,17.54,17.32,0.906,0.8279569892473118
2019-05-31,263.89,11.29,13.42,17.57,17.32,1.101,0.8066298342541436
2019-05-30,263.93,11.01,12.74,16.89,16.67,1.301,0.9440993788819875
2019-05-29,261.37,11.56,13.15,17.55,17.32,1.573,0.8324022346368716
2019-05-28,264.7,10.7,13.52,17.25,17.01,1.113,0.9341317365269461
2019-05-27,264.4,10.32,13.88,17.32,17.07,1.139,0.9181286549707601
2019-05-24,264.42,10.33,13.31,16.87,16.66,1.476,0.9751552795031054
2019-05-23,266.38,11.23,12.01,16.51,16.4,1.305,0.8479532163742689
2019-05-22,266.65,9.89,12.82,16.21,16.1,0.849,0.9745222929936307
2019-05-21,266.12,9.7,12.31,15.72,15.66,0.917,0.9664429530201343
2019-05-20,264.96,9.9,12.49,15.94,15.9,1.105,0.9155844155844155
2019-05-17,264.35,9.51,12.89,16.02,16.03,1.481,0.9210526315789475
2019-05-16,265.99,9.33,13.67,16.62,16.6,1.495,0.9119496855345912
2019-05-15,269.64,10.2,13.09,16.6,16.63,1.012,0.9254658385093167
2019-05-14,268.57,11.74,13.64,18.06,18.05,1.283,0.8659217877094972
2019-05-13,268.72,10.217908037577827,15.436444061475669,18.552158906536693,18.38,1.407,0.8983050847457628
2019-05-10,272.06,10.730679123700233,15.58328064925694,18.933860929242602,18.53,1.566,0.8406593406593408
2019-05-09,271.0,10.732001617027255,15.366222388325584,18.748055676282487,18.28,2.221,1.0375
2019-05-08,280.15,9.68,12.94,16.16,15.83,1.07,0.7564766839378237
2019-05-07,281.31,8.63,12.11,14.9,14.61,1.596,0.907514450867052
2019-05-03,283.67,8.01,11.1,13.75,13.54,1.186,0.8473282442748091
2019-05-02,286.12,8.16,11.21,13.91,13.72,0.783,0.9411764705882354
2019-04-30,284.92,8.65,10.26,13.43,13.28,1.123,0.8671874999999999
2019-04-29,286.79,8.49,10.34,13.37,13.22,0.542,0.9923076923076923
2019-04-26,281.34,7.54,10.7,13.14,12.98,1.5,0.8571428571428572
2019-04-25,282.83,8.57,9.75,13.01,12.88,1.285,0.8640000000000001
2019-04-24,283.7,7.43,10.67,13.07,12.9,1.665,0.8780487804878049
2019-04-23,286.47,7.67,10.29,12.87,12.72,1.073,0.8861788617886178
2019-04-22,285.87,8.06,10.18,13.03,12.89,1.1,0.9024390243902438
2019-04-19,285.89,7.95,9.62,12.54,12.45,1.265,0.896551724137931
2019-04-18,285.82,8.23,9.92,12.94,12.85,1.382,0.9090909090909092
2019-04-17,290.33,8.32,9.53,12.71,12.65,0.884,1.026315789473684
2019-04-16,290.62,8.41,9.4,12.68,12.66,1.078,0.983050847457627
2019-04-15,289.38,8.48,9.76,12.93,12.92,0.902,1.0254237288135593
2019-04-12,288.37,6.97,10.01,12.28,12.41,1.025,0.9495798319327732
2019-04-11,287.42,7.72,9.29,12.08,12.29,0.998,0.8833333333333333
2019-04-10,287.92,,,,30.4,0.847,1.0793650793650793
2019-04-09,286.71,7.52,9.83,12.39,12.67,0.702,0.9328358208955224
2019-04-08,286.38,7.62,10.46,12.97,13.15,1.085,0.8689655172413793
2019-04-05,286.68,8.62,10.43,13.53,13.59,0.879,1.0564516129032258
2019-04-04,286.15,8.16,10.83,13.58,13.6,0.653,1.0155038759689923
2019-04-03,285.65,7.68,10.72,13.25,13.29,0.592,1.0
2019-04-02,281.72,7.97,10.66,13.33,13.34,0.828,0.8283582089552238
2019-04-01,280.32,9.27,10.09,13.74,13.73,0.67,0.9253731343283582
2019-03-29,276.48,8.35,11.66,14.39,14.29,1.113,0.8424657534246576
2019-03-28,275.08,9.81,11.41,15.06,14.92,1.402,0.9379310344827586
2019-03-27,277.28,8.99,11.76,14.81,14.67,1.419,0.9580419580419579
2019-03-26,277.6,9.16,11.85,14.98,14.82,1.35,0.9109589041095891
2019-03-25,277.45,9.15,12.2,15.25,15.06,1.748,0.8993288590604027
2019-03-22,283.13,8.48,10.02,13.13,13.1,1.078,0.8809523809523809
2019-03-21,282.38,8.14,10.8,13.54,13.48,0.723,0.8863636363636364
2019-03-20,279.92,8.88,10.8,13.99,13.95,1.487,1.0
2019-03-19,279.82,8.52,10.59,13.6,13.6,1.095,0.9538461538461539
2019-03-18,279.93,8.96,10.6,13.88,13.9,1.086,0.9923664122137404
2019-03-15,279.87,8.51,10.44,13.47,13.6,0.71,0.9921874999999999
2019-03-14,276.64,8.15,11.16,13.86,13.96,1.217,0.9769230769230769
2019-03-13,276.0,9.31,11.21,14.59,14.79,1.436,0.7633136094674557
2019-03-12,277.73,8.97,11.33,14.45,14.6,0.849,0.9794520547945206
2019-03-11,275.06,9.45,12.38,15.57,15.58,1.225,0.9440993788819875
2019-03-08,274.84,8.86,12.38,15.23,15.17,1.508,0.9347826086956521
2019-03-07,278.87,7.67,12.35,14.61,14.55,1.344,0.8680555555555556
2019-03-06,279.85,8.94,11.56,14.61,14.53,1.381,1.0615384615384615
2019-03-05,280.45,9.17,11.64,14.84,14.75,1.343,0.9295774647887324
2019-03-04,282.51,9.17,12.05,15.14,15.01,1.187,0.8709677419354839
2019-02-28,283.8,8.88,12.98,15.77,15.49,1.093,0.9230769230769231
2019-02-27,288.76,8.76,11.78,14.74,14.54,0.977,0.8344370860927153
2019-02-26,287.89,9.48,11.43,14.85,14.63,1.042,0.8611111111111112
2019-02-25,289.0,8.85,11.88,14.83,14.59,0.86,1.0
2019-02-22,288.74,9.02,11.12,14.38,14.2,1.01,0.8832116788321168
2019-02-21,288.41,9.82,10.87,14.71,14.53,0.876,0.8985507246376812
2019-02-20,288.4,9.78,11.05,14.8,14.64,0.734,0.8671328671328671
2019-02-19,284.91,9.71,11.83,15.32,15.15,0.934,0.9856115107913669
2019-02-18,285.9,8.19,11.81,14.4,14.29,0.954,1.0234375
2019-02-15,283.98,7.74,11.94,14.27,14.24,1.522,0.8529411764705882
2019-02-14,288.68,9.25,10.03,13.67,13.76,0.746,0.8248175182481753
2019-02-13,284.97,10.58,11.54,15.68,15.77,0.718,1.0538461538461539
2019-02-12,283.69,8.61,12.0,14.8,14.88,0.607,1.0222222222222224
2019-02-11,282.1,9.14,11.66,14.82,14.87,1.024,0.900709219858156
2019-02-08,281.49,8.63,12.15,14.92,14.83,1.568,0.9083969465648856
2019-02-07,285.65,9.84,11.02,14.84,14.75,0.93,0.8840579710144927
2019-02-01,285.79,8.72,12.28,15.11,14.86,0.904,0.9172932330827067
2019-01-31,285.89,9.13,12.88,15.82,15.51,0.71,1.0522388059701493
2019-01-30,286.62,10.68,13.71,17.38,16.99,0.664,1.012121212121212
2019-01-29,283.0,9.99,11.69,15.41,15.18,0.954,0.9027777777777778
2019-01-28,281.64,8.88,12.28,15.18,14.94,0.76,0.8732394366197184
2019-01-25,281.67,8.68,11.72,14.59,14.42,0.611,0.911764705882353
2019-01-24,276.61,8.1,11.54,14.13,14.03,0.832,0.8602941176470588
2019-01-23,273.87,8.74,12.04,14.9,14.8,0.797,0.9432624113475178
2019-01-22,272.71,9.44,11.66,15.01,14.93,1.078,0.8561643835616438
2019-01-21,274.0,8.59,11.91,14.71,14.64,1.07,0.9214285714285715
2019-01-18,273.88,8.28,11.58,14.26,14.32,0.871,0.9347826086956521
2019-01-17,271.88,8.7,12.08,14.9,14.98,0.963,0.8590604026845637
2019-01-16,271.23,8.19,11.9,14.48,14.62,0.962,0.916083916083916
2019-01-15,269.93,9.54,11.37,14.86,15.06,0.665,0.9722222222222222
2019-01-14,264.99,8.881208164679649,11.888782631425226,14.839783661363114,14.97,1.418,0.8445945945945945
2019-01-11,267.13,8.869482915265365,11.717559775214884,14.696132520467343,14.67,0.962,0.9078014184397164
2019-01-10,265.55,9.39739999004027,11.80856216395213,15.100204006898766,15.01,0.99,0.8333333333333334
2019-01-09,265.6,10.03,12.0,15.66,15.45,0.482,0.6555555555555556
2019-01-08,259.65,10.14,12.91,16.42,16.13,1.195,1.084967320261438
2019-01-07,261.57,10.37,13.56,17.08,16.67,0.839,1.0643274853801168
2019-01-04,257.89,12.01,14.02,18.49,17.96,1.116,0.9464285714285714
2019-01-03,255.77,12.77,15.22,19.92,19.25,1.45,0.8842105263157896
